Importer Log Report
Document: D:\lego project\JedlikBots\Circuit\kicad\Robot fő nyák_v3\CM5IO.kicad_pcb
    Section : Analyze Document from - D:\lego project\JedlikBots\Circuit\kicad\Robot fő nyák_v3\CM5IO.kicad_pcb
        Warning: Unknown child 'generator_version' of 'kicad_pcb'.
        Warning: Unknown child legacy_teardrops of general.
        Warning: Unknown child allow_soldermask_bridges_in_footprints of setup.
        Warning: Unknown child uuid of footprint.
        Warning: Unknown child uuid of property.
        Warning: Unknown child sheetname of footprint.
        Warning: Unknown child sheetfile of footprint.
        Warning: Unknown child stroke of fp_line.
        Warning: Unknown child uuid of fp_line.
        Warning: Unknown child stroke of fp_line.
        Warning: Unknown child uuid of fp_line.
        Warning: Unknown child stroke of fp_line.
        Warning: Unknown child uuid of fp_line.
        Warning: Unknown child stroke of fp_line.
        Warning: Unknown child uuid of fp_line.
        Warning: Unknown child stroke of fp_line.
        Warning: Unknown child uuid of fp_line.
        Warning: Unknown child stroke of fp_line.
        Warning: Unknown child uuid of fp_line.
        Warning: Unknown child stroke of fp_line.
        Warning: Unknown child uuid of fp_line.
        Warning: Unknown child stroke of fp_line.
        Warning: Unknown child uuid of fp_line.
        Warning: Unknown child stroke of fp_line.
        Warning: Unknown child uuid of fp_line.
        Warning: Unknown child stroke of fp_line.
        Warning: Unknown child uuid of fp_line.
        Warning: Unknown child stroke of fp_line.
        Warning: Unknown child uuid of fp_line.
        Warning: Unknown child stroke of fp_line.
        Warning: Unknown child uuid of fp_line.
        Warning: Unknown child stroke of fp_line.
        Warning: Unknown child uuid of fp_line.
        Warning: Unknown child stroke of fp_line.
        Warning: Unknown child uuid of fp_line.
        Warning: Unknown child stroke of fp_line.
        Warning: Unknown child uuid of fp_line.
        Warning: Unknown child stroke of fp_line.
        Warning: Unknown child uuid of fp_line.
        Warning: Unknown child stroke of fp_line.
        Warning: Unknown child uuid of fp_line.
        Warning: Unknown child stroke of fp_line.
        Warning: Unknown child uuid of fp_line.
        Warning: Unknown child stroke of fp_line.
        Warning: Unknown child uuid of fp_line.
        Warning: Unknown child stroke of fp_line.
        Warning: Unknown child uuid of fp_line.
        Warning: Unknown child stroke of fp_line.
        Warning: Unknown child uuid of fp_line.
        Warning: Unknown child stroke of fp_line.
        Warning: Unknown child uuid of fp_line.
        Warning: Unknown child stroke of fp_line.
        Warning: Unknown child uuid of fp_line.
        Warning: Unknown child stroke of fp_line.
        Warning: Unknown child uuid of fp_line.
        Warning: Unknown child stroke of fp_line.
        Warning: Unknown child uuid of fp_line.
        Warning: Unknown child uuid of fp_text.
        Warning: Unknown child uuid of pad.
        Warning: Pad name is empty, autogenerated name 'Un1' assigned to pad pad.
        Warning: Unknown child uuid of pad.
        Warning: Pad name is empty, autogenerated name 'Un2' assigned to pad pad.
        Warning: Unknown child remove_unused_layers of pad.
        Warning: Unknown child uuid of pad.
        Warning: Unknown child remove_unused_layers of pad.
        Warning: Unknown child uuid of pad.
        Warning: Unknown child remove_unused_layers of pad.
        Warning: Unknown child uuid of pad.
        Warning: Unknown child remove_unused_layers of pad.
        Warning: Unknown child uuid of pad.
        Warning: Unknown child remove_unused_layers of pad.
        Warning: Unknown child uuid of pad.
        Warning: Unknown child remove_unused_layers of pad.
        Warning: Unknown child uuid of pad.
        Warning: Unknown child remove_unused_layers of pad.
        Warning: Unknown child uuid of pad.
        Warning: Unknown child remove_unused_layers of pad.
        Warning: Unknown child uuid of pad.
        Warning: Unknown child remove_unused_layers of pad.
        Warning: Unknown child uuid of pad.
        Warning: Unknown child remove_unused_layers of pad.
        Warning: Unknown child uuid of pad.
        Warning: Unknown child remove_unused_layers of pad.
        Warning: Unknown child uuid of pad.
        Warning: Unknown child remove_unused_layers of pad.
        Warning: Unknown child uuid of pad.
        Warning: Unknown child remove_unused_layers of pad.
        Warning: Unknown child uuid of pad.
        Warning: Unknown child remove_unused_layers of pad.
        Warning: Unknown child uuid of pad.
        Warning: Unknown child remove_unused_layers of pad.
        Warning: Unknown child uuid of pad.
        Warning: Unknown child remove_unused_layers of pad.
        Warning: Unknown child uuid of pad.
        Warning: Unknown child remove_unused_layers of pad.
        Warning: Unknown child uuid of pad.
        Warning: Unknown child remove_unused_layers of pad.
        Warning: Unknown child uuid of pad.
        Warning: Unknown child remove_unused_layers of pad.
        Warning: Unknown child uuid of pad.
        Warning: Unknown child remove_unused_layers of pad.
        Warning: Unknown child uuid of pad.
        Warning: Unknown child uuid of footprint.
        Warning: Unknown child uuid of property.
        Warning: Unknown child sheetname of footprint.
        Warning: Unknown child sheetfile of footprint.
        Warning: Unknown child stroke of fp_line.
        Warning: Unknown child uuid of fp_line.
        Warning: Unknown child stroke of fp_line.
        Warning: Unknown child uuid of fp_line.
        Warning: Unknown child stroke of fp_line.
        Warning: Unknown child uuid of fp_line.
        Warning: Unknown child stroke of fp_line.
        Warning: Unknown child uuid of fp_line.
        Warning: Unknown child stroke of fp_line.
        Warning: Unknown child uuid of fp_line.
        Warning: Unknown child stroke of fp_line.
        Warning: Unknown child uuid of fp_line.
        Warning: Unknown child stroke of fp_line.
        Warning: Unknown child uuid of fp_line.
        Warning: Unknown child stroke of fp_line.
        Warning: Unknown child uuid of fp_line.
        Warning: Unknown child stroke of fp_line.
        Warning: Unknown child uuid of fp_line.
        Warning: Unknown child stroke of fp_line.
        Warning: Unknown child uuid of fp_line.
        Warning: Unknown child stroke of fp_line.
        Warning: Unknown child uuid of fp_line.
        Warning: Unknown child stroke of fp_line.
        Warning: Unknown child uuid of fp_line.
        Warning: Unknown child stroke of fp_line.
        Warning: Unknown child uuid of fp_line.
        Warning: Unknown child stroke of fp_line.
        Warning: Unknown child uuid of fp_line.
        Warning: Unknown child stroke of fp_line.
        Warning: Unknown child uuid of fp_line.
        Warning: Unknown child stroke of fp_line.
        Warning: Unknown child uuid of fp_line.
        Warning: Unknown child stroke of fp_line.
        Warning: Unknown child uuid of fp_line.
        Warning: Unknown child stroke of fp_circle.
        Warning: Unknown child uuid of fp_circle.
        Warning: Unknown child stroke of fp_line.
        Warning: Unknown child uuid of fp_line.
        Warning: Unknown child stroke of fp_line.
        Warning: Unknown child uuid of fp_line.
        Warning: Unknown child stroke of fp_line.
        Warning: Unknown child uuid of fp_line.
        Warning: Unknown child stroke of fp_line.
        Warning: Unknown child uuid of fp_line.
        Warning: Unknown child stroke of fp_line.
        Warning: Unknown child uuid of fp_line.
        Warning: Unknown child stroke of fp_line.
        Warning: Unknown child uuid of fp_line.
        Warning: Unknown child stroke of fp_line.
        Warning: Unknown child uuid of fp_line.
        Warning: Unknown child stroke of fp_line.
        Warning: Unknown child uuid of fp_line.
        Warning: Unknown child stroke of fp_circle.
        Warning: Unknown child uuid of fp_circle.
        Warning: Unknown child unlocked of fp_text.
        Warning: Unknown child uuid of fp_text.
        Warning: Unknown child unlocked of fp_text.
        Warning: Unknown child uuid of fp_text.
        Warning: Unknown child unlocked of fp_text.
        Warning: Unknown child uuid of fp_text.
        Warning: Unknown child unlocked of fp_text.
        Warning: Unknown child uuid of fp_text.
        Warning: Unknown child unlocked of fp_text.
        Warning: Unknown child uuid of fp_text.
        Warning: Unknown child unlocked of fp_text.
        Warning: Unknown child uuid of fp_text.
        Warning: Unknown child unlocked of fp_text.
        Warning: Unknown child uuid of fp_text.
        Warning: Unknown child unlocked of fp_text.
        Warning: Unknown child uuid of fp_text.
        Warning: Unknown child unlocked of fp_text.
        Warning: Unknown child uuid of fp_text.
        Warning: Unknown child uuid of pad.
        Warning: Pad name is empty, autogenerated name 'Un1' assigned to pad pad.
        Warning: Unknown child uuid of pad.
        Warning: Pad name is empty, autogenerated name 'Un2' assigned to pad pad.
        Warning: Unknown child uuid of pad.
        Warning: Unknown child uuid of pad.
        Warning: Unknown child uuid of pad.
        Warning: Unknown child uuid of pad.
        Warning: Unknown child uuid of pad.
        Warning: Unknown child uuid of pad.
        Warning: Unknown child uuid of pad.
        Warning: Unknown child uuid of pad.
        Warning: Unknown child uuid of pad.
        Warning: Unknown child uuid of pad.
        Warning: Unknown child uuid of pad.
        Warning: Unknown child uuid of pad.
        Warning: Unknown child uuid of pad.
        Warning: Unknown child uuid of pad.
        Warning: Unknown child uuid of pad.
        Warning: Unknown child uuid of pad.
        Warning: Unknown child uuid of pad.
        Warning: Unknown child uuid of pad.
        Warning: Unknown child uuid of pad.
        Warning: Unknown child uuid of pad.
        Warning: Unknown child uuid of pad.
        Warning: Unknown child uuid of pad.
        Warning: Unknown child uuid of pad.
        Warning: Unknown child uuid of pad.
        Warning: Unknown child uuid of pad.
        Warning: Unknown child uuid of pad.
        Warning: Unknown child uuid of pad.
        Warning: Unknown child uuid of pad.
        Warning: Unknown child uuid of pad.
        Warning: Unknown child uuid of pad.
        Warning: Unknown child uuid of pad.
        Warning: Unknown child uuid of pad.
        Warning: Unknown child uuid of pad.
        Warning: Unknown child uuid of pad.
        Warning: Unknown child uuid of pad.
        Warning: Unknown child uuid of pad.
        Warning: Unknown child uuid of pad.
        Warning: Unknown child uuid of pad.
        Warning: Unknown child uuid of pad.
        Warning: Unknown child uuid of pad.
        Warning: Unknown child uuid of pad.
        Warning: Unknown child uuid of pad.
        Warning: Unknown child uuid of pad.
        Warning: Unknown child uuid of pad.
        Warning: Unknown child uuid of pad.
        Warning: Unknown child uuid of pad.
        Warning: Unknown child uuid of pad.
        Warning: Unknown child uuid of pad.
        Warning: Unknown child uuid of pad.
        Warning: Unknown child uuid of pad.
        Warning: Unknown child uuid of pad.
        Warning: Unknown child uuid of pad.
        Warning: Unknown child uuid of pad.
        Warning: Unknown child uuid of pad.
        Warning: Unknown child uuid of pad.
        Warning: Unknown child uuid of pad.
        Warning: Unknown child uuid of pad.
        Warning: Unknown child uuid of pad.
        Warning: Unknown child uuid of pad.
        Warning: Unknown child uuid of pad.
        Warning: Unknown child uuid of pad.
        Warning: Unknown child uuid of pad.
        Warning: Unknown child uuid of pad.
        Warning: Unknown child uuid of pad.
        Warning: Unknown child uuid of pad.
        Warning: Unknown child uuid of pad.
        Warning: Unknown child uuid of pad.
        Warning: Unknown child remove_unused_layers of pad.
        Warning: Unknown child uuid of pad.
        Warning: Unknown child remove_unused_layers of pad.
        Warning: Unknown child uuid of pad.
        Warning: Unknown child remove_unused_layers of pad.
        Warning: Unknown child uuid of pad.
        Warning: Unknown child remove_unused_layers of pad.
        Warning: Unknown child uuid of pad.
        Warning: Unknown child uuid of pad.
        Warning: Unknown child uuid of pad.
        Warning: Unknown child uuid of footprint.
        Warning: Unknown child uuid of property.
        Warning: Unknown child sheetname of footprint.
        Warning: Unknown child sheetfile of footprint.
        Warning: Unknown child stroke of fp_line.
        Warning: Unknown child uuid of fp_line.
        Warning: Unknown child stroke of fp_line.
        Warning: Unknown child uuid of fp_line.
        Warning: Unknown child stroke of fp_line.
        Warning: Unknown child uuid of fp_line.
        Warning: Unknown child stroke of fp_line.
        Warning: Unknown child uuid of fp_line.
        Warning: Unknown child stroke of fp_line.
        Warning: Unknown child uuid of fp_line.
        Warning: Unknown child stroke of fp_line.
        Warning: Unknown child uuid of fp_line.
        Warning: Unknown child stroke of fp_line.
        Warning: Unknown child uuid of fp_line.
        Warning: Unknown child stroke of fp_line.
        Warning: Unknown child uuid of fp_line.
        Warning: Unknown child stroke of fp_line.
        Warning: Unknown child uuid of fp_line.
        Warning: Unknown child stroke of fp_line.
        Warning: Unknown child uuid of fp_line.
        Warning: Unknown child stroke of fp_line.
        Warning: Unknown child uuid of fp_line.
        Warning: Unknown child stroke of fp_line.
        Warning: Unknown child uuid of fp_line.
        Warning: Unknown child stroke of fp_line.
        Warning: Unknown child uuid of fp_line.
        Warning: Unknown child stroke of fp_line.
        Warning: Unknown child uuid of fp_line.
        Warning: Unknown child uuid of fp_text.
        Warning: Unknown child uuid of fp_text.
        Warning: Unknown child uuid of pad.
        Warning: Pad name is empty, autogenerated name 'Un1' assigned to pad pad.
        Warning: Unknown child uuid of pad.
        Warning: Pad name is empty, autogenerated name 'Un2' assigned to pad pad.
        Warning: Unknown child uuid of pad.
        Warning: Unknown child uuid of pad.
        Warning: Unknown child uuid of pad.
        Warning: Unknown child uuid of pad.
        Warning: Unknown child uuid of pad.
        Warning: Unknown child uuid of pad.
        Warning: Unknown child uuid of pad.
        Warning: Unknown child uuid of pad.
        Warning: Unknown child uuid of pad.
        Warning: Unknown child uuid of pad.
        Warning: Unknown child uuid of pad.
        Warning: Unknown child uuid of pad.
        Warning: Unknown child uuid of pad.
        Warning: Unknown child uuid of pad.
        Warning: Unknown child uuid of pad.
        Warning: Unknown child uuid of pad.
        Warning: Unknown child remove_unused_layers of pad.
        Warning: Unknown child uuid of pad.
        Warning: Unknown child remove_unused_layers of pad.
        Warning: Unknown child uuid of pad.
        Warning: Unknown child remove_unused_layers of pad.
        Warning: Unknown child uuid of pad.
        Warning: Unknown child remove_unused_layers of pad.
        Warning: Unknown child uuid of pad.
        Warning: Unknown child uuid of footprint.
        Warning: Unknown child uuid of property.
        Warning: Unknown child sheetname of footprint.
        Warning: Unknown child sheetfile of footprint.
        Warning: Unknown child stroke of fp_line.
        Warning: Unknown child uuid of fp_line.
        Warning: Unknown child stroke of fp_line.
        Warning: Unknown child uuid of fp_line.
        Warning: Unknown child stroke of fp_line.
        Warning: Unknown child uuid of fp_line.
        Warning: Unknown child stroke of fp_line.
        Warning: Unknown child uuid of fp_line.
        Warning: Unknown child stroke of fp_line.
        Warning: Unknown child uuid of fp_line.
        Warning: Unknown child stroke of fp_line.
        Warning: Unknown child uuid of fp_line.
        Warning: Unknown child stroke of fp_line.
        Warning: Unknown child uuid of fp_line.
        Warning: Unknown child stroke of fp_circle.
        Warning: Unknown child uuid of fp_circle.
        Warning: Unknown child stroke of fp_line.
        Warning: Unknown child uuid of fp_line.
        Warning: Unknown child stroke of fp_line.
        Warning: Unknown child uuid of fp_line.
        Warning: Unknown child stroke of fp_line.
        Warning: Unknown child uuid of fp_line.
        Warning: Unknown child stroke of fp_line.
        Warning: Unknown child uuid of fp_line.
        Warning: Unknown child stroke of fp_line.
        Warning: Unknown child uuid of fp_line.
        Warning: Unknown child stroke of fp_line.
        Warning: Unknown child uuid of fp_line.
        Warning: Unknown child stroke of fp_line.
        Warning: Unknown child uuid of fp_line.
        Warning: Unknown child stroke of fp_line.
        Warning: Unknown child uuid of fp_line.
        Warning: Unknown child stroke of fp_line.
        Warning: Unknown child uuid of fp_line.
        Warning: Unknown child stroke of fp_line.
        Warning: Unknown child uuid of fp_line.
        Warning: Unknown child stroke of fp_line.
        Warning: Unknown child uuid of fp_line.
        Warning: Unknown child stroke of fp_rect.
        Warning: Unknown child uuid of fp_rect.
        Warning: Unknown child uuid of pad.
        Warning: Unknown child uuid of pad.
        Warning: Unknown child uuid of pad.
        Warning: Unknown child uuid of pad.
        Warning: Unknown child uuid of pad.
        Warning: Unknown child uuid of pad.
        Warning: Unknown child uuid of pad.
        Warning: Unknown child uuid of pad.
        Warning: Unknown child uuid of pad.
        Warning: Unknown child uuid of pad.
        Warning: Unknown child uuid of pad.
        Warning: Unknown child uuid of pad.
        Warning: Unknown child uuid of pad.
        Warning: Unknown child uuid of pad.
        Warning: Unknown child uuid of pad.
        Warning: Unknown child uuid of pad.
        Warning: Unknown child uuid of pad.
        Warning: Unknown child uuid of pad.
        Warning: Unknown child uuid of pad.
        Warning: Unknown child remove_unused_layers of pad.
        Warning: Unknown child uuid of pad.
        Warning: Unknown child remove_unused_layers of pad.
        Warning: Unknown child uuid of pad.
        Warning: Unknown child remove_unused_layers of pad.
        Warning: Unknown child uuid of pad.
        Warning: Unknown child remove_unused_layers of pad.
        Warning: Unknown child uuid of pad.
        Warning: Unknown child uuid of footprint.
        Warning: Unknown child uuid of property.
        Warning: Unknown child sheetname of footprint.
        Warning: Unknown child sheetfile of footprint.
        Warning: Unknown child stroke of fp_line.
        Warning: Unknown child uuid of fp_line.
        Warning: Unknown child stroke of fp_line.
        Warning: Unknown child uuid of fp_line.
        Warning: Unknown child stroke of fp_line.
        Warning: Unknown child uuid of fp_line.
        Warning: Unknown child stroke of fp_line.
        Warning: Unknown child uuid of fp_line.
        Warning: Unknown child stroke of fp_poly.
        Warning: Unknown child uuid of fp_poly.
        Warning: Unknown child stroke of fp_line.
        Warning: Unknown child uuid of fp_line.
        Warning: Unknown child stroke of fp_line.
        Warning: Unknown child uuid of fp_line.
        Warning: Unknown child stroke of fp_line.
        Warning: Unknown child uuid of fp_line.
        Warning: Unknown child stroke of fp_line.
        Warning: Unknown child uuid of fp_line.
        Warning: Unknown child stroke of fp_line.
        Warning: Unknown child uuid of fp_line.
        Warning: Unknown child stroke of fp_line.
        Warning: Unknown child uuid of fp_line.
        Warning: Unknown child stroke of fp_line.
        Warning: Unknown child uuid of fp_line.
        Warning: Unknown child stroke of fp_line.
        Warning: Unknown child uuid of fp_line.
        Warning: Unknown child stroke of fp_line.
        Warning: Unknown child uuid of fp_line.
        Warning: Unknown child uuid of fp_text.
        Warning: Unknown child uuid of pad.
        Warning: Unknown child uuid of pad.
        Warning: Unknown child uuid of pad.
        Warning: Unknown child uuid of pad.
        Warning: Unknown child uuid of pad.
        Warning: Unknown child uuid of pad.
        Warning: Unknown child uuid of pad.
        Warning: Unknown child uuid of pad.
        Warning: Unknown child uuid of pad.
        Warning: Unknown child uuid of pad.
        Warning: Unknown child uuid of footprint.
        Warning: Unknown child uuid of property.
        Warning: Unknown child sheetname of footprint.
        Warning: Unknown child sheetfile of footprint.
        Warning: Unknown child stroke of fp_line.
        Warning: Unknown child uuid of fp_line.
        Warning: Unknown child stroke of fp_line.
        Warning: Unknown child uuid of fp_line.
        Warning: Unknown child stroke of fp_line.
        Warning: Unknown child uuid of fp_line.
        Warning: Unknown child stroke of fp_line.
        Warning: Unknown child uuid of fp_line.
        Warning: Unknown child stroke of fp_line.
        Warning: Unknown child uuid of fp_line.
        Warning: Unknown child stroke of fp_line.
        Warning: Unknown child uuid of fp_line.
        Warning: Unknown child stroke of fp_line.
        Warning: Unknown child uuid of fp_line.
        Warning: Unknown child stroke of fp_line.
        Warning: Unknown child uuid of fp_line.
        Warning: Unknown child stroke of fp_line.
        Warning: Unknown child uuid of fp_line.
        Warning: Unknown child stroke of fp_line.
        Warning: Unknown child uuid of fp_line.
        Warning: Unknown child stroke of fp_line.
        Warning: Unknown child uuid of fp_line.
        Warning: Unknown child stroke of fp_line.
        Warning: Unknown child uuid of fp_line.
        Warning: Unknown child stroke of fp_line.
        Warning: Unknown child uuid of fp_line.
        Warning: Unknown child stroke of fp_line.
        Warning: Unknown child uuid of fp_line.
        Warning: Unknown child stroke of fp_line.
        Warning: Unknown child uuid of fp_line.
        Warning: Unknown child stroke of fp_line.
        Warning: Unknown child uuid of fp_line.
        Warning: Unknown child stroke of fp_line.
        Warning: Unknown child uuid of fp_line.
        Warning: Unknown child stroke of fp_line.
        Warning: Unknown child uuid of fp_line.
        Warning: Unknown child stroke of fp_line.
        Warning: Unknown child uuid of fp_line.
        Warning: Unknown child stroke of fp_line.
        Warning: Unknown child uuid of fp_line.
        Warning: Unknown child stroke of fp_line.
        Warning: Unknown child uuid of fp_line.
        Warning: Unknown child stroke of fp_line.
        Warning: Unknown child uuid of fp_line.
        Warning: Unknown child stroke of fp_line.
        Warning: Unknown child uuid of fp_line.
        Warning: Unknown child stroke of fp_line.
        Warning: Unknown child uuid of fp_line.
        Warning: Unknown child stroke of fp_line.
        Warning: Unknown child uuid of fp_line.
        Warning: Unknown child uuid of fp_text.
        Warning: Unknown child remove_unused_layers of pad.
        Warning: Unknown child uuid of pad.
        Warning: Unknown child remove_unused_layers of pad.
        Warning: Unknown child uuid of pad.
        Warning: Unknown child remove_unused_layers of pad.
        Warning: Unknown child uuid of pad.
        Warning: Unknown child remove_unused_layers of pad.
        Warning: Unknown child uuid of pad.
        Warning: Unknown child remove_unused_layers of pad.
        Warning: Unknown child uuid of pad.
        Warning: Unknown child remove_unused_layers of pad.
        Warning: Unknown child uuid of pad.
        Warning: Unknown child uuid of footprint.
        Warning: Unknown child uuid of property.
        Warning: Unknown child sheetname of footprint.
        Warning: Unknown child sheetfile of footprint.
        Warning: Unknown child stroke of fp_line.
        Warning: Unknown child uuid of fp_line.
        Warning: Unknown child stroke of fp_line.
        Warning: Unknown child uuid of fp_line.
        Warning: Unknown child stroke of fp_line.
        Warning: Unknown child uuid of fp_line.
        Warning: Unknown child stroke of fp_line.
        Warning: Unknown child uuid of fp_line.
        Warning: Unknown child stroke of fp_poly.
        Warning: Unknown child uuid of fp_poly.
        Warning: Unknown child stroke of fp_poly.
        Warning: Unknown child uuid of fp_poly.
        Warning: Unknown child stroke of fp_line.
        Warning: Unknown child uuid of fp_line.
        Warning: Unknown child stroke of fp_line.
        Warning: Unknown child uuid of fp_line.
        Warning: Unknown child stroke of fp_line.
        Warning: Unknown child uuid of fp_line.
        Warning: Unknown child stroke of fp_rect.
        Warning: Unknown child uuid of fp_rect.
        Warning: Unknown child stroke of fp_poly.
        Warning: Unknown child uuid of fp_poly.
        Warning: Unknown child uuid of fp_text.
        Warning: Unknown child uuid of pad.
        Warning: Unknown child uuid of pad.
        Warning: Unknown child uuid of pad.
        Warning: Unknown child uuid of pad.
        Warning: Unknown child uuid of pad.
        Warning: Unknown child uuid of pad.
        Warning: Unknown child uuid of pad.
        Warning: Unknown child uuid of pad.
        Warning: Unknown child uuid of pad.
        Warning: Unknown child uuid of pad.
        Warning: Unknown child uuid of pad.
        Warning: Unknown child uuid of pad.
        Warning: Unknown child uuid of pad.
        Warning: Unknown child uuid of pad.
        Warning: Unknown child uuid of pad.
        Warning: Unknown child uuid of pad.
        Warning: Unknown child uuid of pad.
        Warning: Unknown child uuid of pad.
        Warning: Unknown child uuid of pad.
        Warning: Unknown child uuid of pad.
        Warning: Unknown child uuid of pad.
        Warning: Unknown child uuid of pad.
        Warning: Unknown child uuid of pad.
        Warning: Unknown child uuid of pad.
        Warning: Unknown child uuid of pad.
        Warning: Unknown child uuid of pad.
        Warning: Unknown child uuid of pad.
        Warning: Unknown child uuid of pad.
        Warning: Unknown child uuid of pad.
        Warning: Unknown child uuid of pad.
        Warning: Unknown child uuid of pad.
        Warning: Unknown child uuid of pad.
        Warning: Unknown child uuid of pad.
        Warning: Unknown child uuid of pad.
        Warning: Unknown child uuid of pad.
        Warning: Unknown child uuid of pad.
        Warning: Unknown child uuid of pad.
        Warning: Unknown child uuid of pad.
        Warning: Unknown child uuid of pad.
        Warning: Unknown child uuid of pad.
        Warning: Unknown child thermal_bridge_angle of pad.
        Warning: Unknown child uuid of pad.
        Warning: Unknown child remove_unused_layers of pad.
        Warning: Unknown child uuid of pad.
        Warning: Unknown child thermal_bridge_angle of pad.
        Warning: Unknown child uuid of pad.
        Warning: Unknown child remove_unused_layers of pad.
        Warning: Unknown child uuid of pad.
        Warning: Unknown child thermal_bridge_angle of pad.
        Warning: Unknown child uuid of pad.
        Warning: Unknown child remove_unused_layers of pad.
        Warning: Unknown child uuid of pad.
        Warning: Unknown child remove_unused_layers of pad.
        Warning: Unknown child uuid of pad.
        Warning: Unknown child remove_unused_layers of pad.
        Warning: Unknown child uuid of pad.
        Warning: Unknown child thermal_bridge_angle of pad.
        Warning: Unknown child uuid of pad.
        Warning: Unknown child remove_unused_layers of pad.
        Warning: Unknown child uuid of pad.
        Warning: Unknown child thermal_bridge_angle of pad.
        Warning: Unknown child uuid of pad.
        Warning: Unknown child remove_unused_layers of pad.
        Warning: Unknown child uuid of pad.
        Warning: Unknown child thermal_bridge_angle of pad.
        Warning: Unknown child uuid of pad.
        Warning: Unknown child remove_unused_layers of pad.
        Warning: Unknown child uuid of pad.
        Warning: Unknown child remove_unused_layers of pad.
        Warning: Unknown child uuid of pad.
        Warning: Unknown child remove_unused_layers of pad.
        Warning: Unknown child uuid of pad.
        Warning: Unknown child thermal_bridge_angle of pad.
        Warning: Unknown child uuid of pad.
        Warning: Unknown child remove_unused_layers of pad.
        Warning: Unknown child uuid of pad.
        Warning: Unknown child thermal_bridge_angle of pad.
        Warning: Unknown child uuid of pad.
        Warning: Unknown child remove_unused_layers of pad.
        Warning: Unknown child uuid of pad.
        Warning: Unknown child thermal_bridge_angle of pad.
        Warning: Unknown child uuid of pad.
        Warning: Unknown child zone of footprint.
        Warning: Unknown child uuid of footprint.
        Warning: Unknown child uuid of property.
        Warning: Unknown child sheetname of footprint.
        Warning: Unknown child sheetfile of footprint.
        Warning: Unknown child stroke of fp_line.
        Warning: Unknown child uuid of fp_line.
        Warning: Unknown child stroke of fp_line.
        Warning: Unknown child uuid of fp_line.
        Warning: Unknown child stroke of fp_line.
        Warning: Unknown child uuid of fp_line.
        Warning: Unknown child stroke of fp_line.
        Warning: Unknown child uuid of fp_line.
        Warning: Unknown child stroke of fp_line.
        Warning: Unknown child uuid of fp_line.
        Warning: Unknown child stroke of fp_line.
        Warning: Unknown child uuid of fp_line.
        Warning: Unknown child stroke of fp_line.
        Warning: Unknown child uuid of fp_line.
        Warning: Unknown child stroke of fp_line.
        Warning: Unknown child uuid of fp_line.
        Warning: Unknown child stroke of fp_line.
        Warning: Unknown child uuid of fp_line.
        Warning: Unknown child stroke of fp_line.
        Warning: Unknown child uuid of fp_line.
        Warning: Unknown child stroke of fp_line.
        Warning: Unknown child uuid of fp_line.
        Warning: Unknown child stroke of fp_line.
        Warning: Unknown child uuid of fp_line.
        Warning: Unknown child stroke of fp_line.
        Warning: Unknown child uuid of fp_line.
        Warning: Unknown child stroke of fp_line.
        Warning: Unknown child uuid of fp_line.
        Warning: Unknown child stroke of fp_line.
        Warning: Unknown child uuid of fp_line.
        Warning: Unknown child stroke of fp_line.
        Warning: Unknown child uuid of fp_line.
        Warning: Unknown child stroke of fp_line.
        Warning: Unknown child uuid of fp_line.
        Warning: Unknown child stroke of fp_line.
        Warning: Unknown child uuid of fp_line.
        Warning: Unknown child stroke of fp_line.
        Warning: Unknown child uuid of fp_line.
        Warning: Unknown child stroke of fp_line.
        Warning: Unknown child uuid of fp_line.
        Warning: Unknown child stroke of fp_line.
        Warning: Unknown child uuid of fp_line.
        Warning: Unknown child stroke of fp_line.
        Warning: Unknown child uuid of fp_line.
        Warning: Unknown child stroke of fp_line.
        Warning: Unknown child uuid of fp_line.
        Warning: Unknown child stroke of fp_line.
        Warning: Unknown child uuid of fp_line.
        Warning: Unknown child stroke of fp_line.
        Warning: Unknown child uuid of fp_line.
        Warning: Unknown child uuid of fp_text.
        Warning: Unknown child remove_unused_layers of pad.
        Warning: Unknown child uuid of pad.
        Warning: Unknown child remove_unused_layers of pad.
        Warning: Unknown child uuid of pad.
        Warning: Unknown child remove_unused_layers of pad.
        Warning: Unknown child uuid of pad.
        Warning: Unknown child remove_unused_layers of pad.
        Warning: Unknown child uuid of pad.
        Warning: Unknown child remove_unused_layers of pad.
        Warning: Unknown child uuid of pad.
        Warning: Unknown child remove_unused_layers of pad.
        Warning: Unknown child uuid of pad.
        Warning: Unknown child uuid of footprint.
        Warning: Unknown child uuid of property.
        Warning: Unknown child sheetname of footprint.
        Warning: Unknown child sheetfile of footprint.
        Warning: Unknown child stroke of fp_line.
        Warning: Unknown child uuid of fp_line.
        Warning: Unknown child stroke of fp_line.
        Warning: Unknown child uuid of fp_line.
        Warning: Unknown child stroke of fp_line.
        Warning: Unknown child uuid of fp_line.
        Warning: Unknown child stroke of fp_line.
        Warning: Unknown child uuid of fp_line.
        Warning: Unknown child stroke of fp_circle.
        Warning: Unknown child uuid of fp_circle.
        Warning: Unknown child stroke of fp_line.
        Warning: Unknown child uuid of fp_line.
        Warning: Unknown child stroke of fp_line.
        Warning: Unknown child uuid of fp_line.
        Warning: Unknown child stroke of fp_line.
        Warning: Unknown child uuid of fp_line.
        Warning: Unknown child stroke of fp_line.
        Warning: Unknown child uuid of fp_line.
        Warning: Unknown child stroke of fp_line.
        Warning: Unknown child uuid of fp_line.
        Warning: Unknown child stroke of fp_line.
        Warning: Unknown child uuid of fp_line.
        Warning: Unknown child stroke of fp_line.
        Warning: Unknown child uuid of fp_line.
        Warning: Unknown child stroke of fp_line.
        Warning: Unknown child uuid of fp_line.
        Warning: Unknown child stroke of fp_circle.
        Warning: Unknown child uuid of fp_circle.
        Warning: Unknown child remove_unused_layers of pad.
        Warning: Unknown child uuid of pad.
        Warning: Unknown child remove_unused_layers of pad.
        Warning: Unknown child uuid of pad.
        Warning: Unknown child remove_unused_layers of pad.
        Warning: Unknown child uuid of pad.
        Warning: Unknown child remove_unused_layers of pad.
        Warning: Unknown child uuid of pad.
        Warning: Unknown child remove_unused_layers of pad.
        Warning: Unknown child uuid of pad.
        Warning: Unknown child remove_unused_layers of pad.
        Warning: Unknown child uuid of pad.
        Warning: Unknown child remove_unused_layers of pad.
        Warning: Unknown child uuid of pad.
        Warning: Unknown child remove_unused_layers of pad.
        Warning: Unknown child uuid of pad.
        Warning: Unknown child remove_unused_layers of pad.
        Warning: Unknown child uuid of pad.
        Warning: Unknown child remove_unused_layers of pad.
        Warning: Unknown child uuid of pad.
        Warning: Unknown child remove_unused_layers of pad.
        Warning: Unknown child uuid of pad.
        Warning: Unknown child remove_unused_layers of pad.
        Warning: Unknown child uuid of pad.
        Warning: Unknown child remove_unused_layers of pad.
        Warning: Unknown child uuid of pad.
        Warning: Unknown child remove_unused_layers of pad.
        Warning: Unknown child uuid of pad.
        Warning: Unknown child remove_unused_layers of pad.
        Warning: Unknown child uuid of pad.
        Warning: Unknown child remove_unused_layers of pad.
        Warning: Unknown child uuid of pad.
        Warning: Unknown child remove_unused_layers of pad.
        Warning: Unknown child uuid of pad.
        Warning: Unknown child remove_unused_layers of pad.
        Warning: Unknown child uuid of pad.
        Warning: Unknown child uuid of footprint.
        Warning: Unknown child uuid of property.
        Warning: Unknown child sheetname of footprint.
        Warning: Unknown child sheetfile of footprint.
        Warning: Unknown child stroke of fp_line.
        Warning: Unknown child uuid of fp_line.
        Warning: Unknown child stroke of fp_line.
        Warning: Unknown child uuid of fp_line.
        Warning: Unknown child stroke of fp_line.
        Warning: Unknown child uuid of fp_line.
        Warning: Unknown child stroke of fp_line.
        Warning: Unknown child uuid of fp_line.
        Warning: Unknown child stroke of fp_line.
        Warning: Unknown child uuid of fp_line.
        Warning: Unknown child stroke of fp_line.
        Warning: Unknown child uuid of fp_line.
        Warning: Unknown child stroke of fp_line.
        Warning: Unknown child uuid of fp_line.
        Warning: Unknown child stroke of fp_line.
        Warning: Unknown child uuid of fp_line.
        Warning: Unknown child stroke of fp_circle.
        Warning: Unknown child uuid of fp_circle.
        Warning: Unknown child stroke of fp_line.
        Warning: Unknown child uuid of fp_line.
        Warning: Unknown child stroke of fp_line.
        Warning: Unknown child uuid of fp_line.
        Warning: Unknown child stroke of fp_line.
        Warning: Unknown child uuid of fp_line.
        Warning: Unknown child stroke of fp_line.
        Warning: Unknown child uuid of fp_line.
        Warning: Unknown child stroke of fp_line.
        Warning: Unknown child uuid of fp_line.
        Warning: Unknown child stroke of fp_line.
        Warning: Unknown child uuid of fp_line.
        Warning: Unknown child stroke of fp_line.
        Warning: Unknown child uuid of fp_line.
        Warning: Unknown child stroke of fp_line.
        Warning: Unknown child uuid of fp_line.
        Warning: Unknown child stroke of fp_line.
        Warning: Unknown child uuid of fp_line.
        Warning: Unknown child stroke of fp_line.
        Warning: Unknown child uuid of fp_line.
        Warning: Unknown child stroke of fp_line.
        Warning: Unknown child uuid of fp_line.
        Warning: Unknown child stroke of fp_line.
        Warning: Unknown child uuid of fp_line.
        Warning: Unknown child stroke of fp_line.
        Warning: Unknown child uuid of fp_line.
        Warning: Unknown child stroke of fp_line.
        Warning: Unknown child uuid of fp_line.
        Warning: Unknown child stroke of fp_line.
        Warning: Unknown child uuid of fp_line.
        Warning: Unknown child stroke of fp_line.
        Warning: Unknown child uuid of fp_line.
        Warning: Unknown child stroke of fp_line.
        Warning: Unknown child uuid of fp_line.
        Warning: Unknown child stroke of fp_line.
        Warning: Unknown child uuid of fp_line.
        Warning: Unknown child stroke of fp_line.
        Warning: Unknown child uuid of fp_line.
        Warning: Unknown child stroke of fp_line.
        Warning: Unknown child uuid of fp_line.
        Warning: Unknown child uuid of fp_text.
        Warning: Unknown child uuid of pad.
        Warning: Unknown child uuid of pad.
        Warning: Unknown child uuid of pad.
        Warning: Unknown child uuid of pad.
        Warning: Unknown child uuid of pad.
        Warning: Unknown child uuid of pad.
        Warning: Unknown child uuid of pad.
        Warning: Unknown child uuid of pad.
        Warning: Unknown child uuid of pad.
        Warning: Unknown child uuid of pad.
        Warning: Unknown child uuid of pad.
        Warning: Unknown child uuid of pad.
        Warning: Unknown child uuid of pad.
        Warning: Unknown child uuid of pad.
        Warning: Unknown child uuid of pad.
        Warning: Unknown child uuid of pad.
        Warning: Unknown child uuid of pad.
        Warning: Unknown child uuid of pad.
        Warning: Unknown child uuid of pad.
        Warning: Unknown child uuid of pad.
        Warning: Unknown child uuid of pad.
        Warning: Unknown child uuid of pad.
        Warning: Unknown child uuid of pad.
        Warning: Unknown child uuid of pad.
        Warning: Unknown child uuid of footprint.
        Warning: Unknown child uuid of property.
        Warning: Unknown child sheetname of footprint.
        Warning: Unknown child sheetfile of footprint.
        Warning: Unknown child stroke of fp_line.
        Warning: Unknown child uuid of fp_line.
        Warning: Unknown child stroke of fp_line.
        Warning: Unknown child uuid of fp_line.
        Warning: Unknown child stroke of fp_line.
        Warning: Unknown child uuid of fp_line.
        Warning: Unknown child stroke of fp_line.
        Warning: Unknown child uuid of fp_line.
        Warning: Unknown child stroke of fp_circle.
        Warning: Unknown child uuid of fp_circle.
        Warning: Unknown child stroke of fp_line.
        Warning: Unknown child uuid of fp_line.
        Warning: Unknown child stroke of fp_line.
        Warning: Unknown child uuid of fp_line.
        Warning: Unknown child stroke of fp_line.
        Warning: Unknown child uuid of fp_line.
        Warning: Unknown child stroke of fp_line.
        Warning: Unknown child uuid of fp_line.
        Warning: Unknown child stroke of fp_line.
        Warning: Unknown child uuid of fp_line.
        Warning: Unknown child stroke of fp_line.
        Warning: Unknown child uuid of fp_line.
        Warning: Unknown child stroke of fp_line.
        Warning: Unknown child uuid of fp_line.
        Warning: Unknown child stroke of fp_line.
        Warning: Unknown child uuid of fp_line.
        Warning: Unknown child stroke of fp_circle.
        Warning: Unknown child uuid of fp_circle.
        Warning: Unknown child remove_unused_layers of pad.
        Warning: Unknown child uuid of pad.
        Warning: Unknown child remove_unused_layers of pad.
        Warning: Unknown child uuid of pad.
        Warning: Unknown child remove_unused_layers of pad.
        Warning: Unknown child uuid of pad.
        Warning: Unknown child remove_unused_layers of pad.
        Warning: Unknown child uuid of pad.
        Warning: Unknown child remove_unused_layers of pad.
        Warning: Unknown child uuid of pad.
        Warning: Unknown child remove_unused_layers of pad.
        Warning: Unknown child uuid of pad.
        Warning: Unknown child remove_unused_layers of pad.
        Warning: Unknown child uuid of pad.
        Warning: Unknown child remove_unused_layers of pad.
        Warning: Unknown child uuid of pad.
        Warning: Unknown child remove_unused_layers of pad.
        Warning: Unknown child uuid of pad.
        Warning: Unknown child remove_unused_layers of pad.
        Warning: Unknown child uuid of pad.
        Warning: Unknown child remove_unused_layers of pad.
        Warning: Unknown child uuid of pad.
        Warning: Unknown child remove_unused_layers of pad.
        Warning: Unknown child uuid of pad.
        Warning: Unknown child remove_unused_layers of pad.
        Warning: Unknown child uuid of pad.
        Warning: Unknown child remove_unused_layers of pad.
        Warning: Unknown child uuid of pad.
        Warning: Unknown child remove_unused_layers of pad.
        Warning: Unknown child uuid of pad.
        Warning: Unknown child remove_unused_layers of pad.
        Warning: Unknown child uuid of pad.
        Warning: Unknown child remove_unused_layers of pad.
        Warning: Unknown child uuid of pad.
        Warning: Unknown child remove_unused_layers of pad.
        Warning: Unknown child uuid of pad.
        Warning: Unknown child uuid of footprint.
        Warning: Unknown child uuid of property.
        Warning: Unknown child sheetname of footprint.
        Warning: Unknown child sheetfile of footprint.
        Warning: Unknown child stroke of fp_line.
        Warning: Unknown child uuid of fp_line.
        Warning: Unknown child stroke of fp_line.
        Warning: Unknown child uuid of fp_line.
        Warning: Unknown child stroke of fp_line.
        Warning: Unknown child uuid of fp_line.
        Warning: Unknown child stroke of fp_line.
        Warning: Unknown child uuid of fp_line.
        Warning: Unknown child stroke of fp_line.
        Warning: Unknown child uuid of fp_line.
        Warning: Unknown child stroke of fp_line.
        Warning: Unknown child uuid of fp_line.
        Warning: Unknown child stroke of fp_line.
        Warning: Unknown child uuid of fp_line.
        Warning: Unknown child stroke of fp_line.
        Warning: Unknown child uuid of fp_line.
        Warning: Unknown child stroke of fp_line.
        Warning: Unknown child uuid of fp_line.
        Warning: Unknown child stroke of fp_line.
        Warning: Unknown child uuid of fp_line.
        Warning: Unknown child stroke of fp_line.
        Warning: Unknown child uuid of fp_line.
        Warning: Unknown child stroke of fp_line.
        Warning: Unknown child uuid of fp_line.
        Warning: Unknown child stroke of fp_line.
        Warning: Unknown child uuid of fp_line.
        Warning: Unknown child stroke of fp_line.
        Warning: Unknown child uuid of fp_line.
        Warning: Unknown child stroke of fp_line.
        Warning: Unknown child uuid of fp_line.
        Warning: Unknown child stroke of fp_line.
        Warning: Unknown child uuid of fp_line.
        Warning: Unknown child stroke of fp_arc.
        Warning: Unknown child uuid of fp_arc.
        Warning: Unknown child stroke of fp_arc.
        Warning: Unknown child uuid of fp_arc.
        Warning: Unknown child stroke of fp_arc.
        Warning: Unknown child uuid of fp_arc.
        Warning: Unknown child stroke of fp_arc.
        Warning: Unknown child uuid of fp_arc.
        Warning: Unknown child stroke of fp_line.
        Warning: Unknown child uuid of fp_line.
        Warning: Unknown child stroke of fp_line.
        Warning: Unknown child uuid of fp_line.
        Warning: Unknown child stroke of fp_line.
        Warning: Unknown child uuid of fp_line.
        Warning: Unknown child stroke of fp_line.
        Warning: Unknown child uuid of fp_line.
        Warning: Unknown child stroke of fp_line.
        Warning: Unknown child uuid of fp_line.
        Warning: Unknown child stroke of fp_line.
        Warning: Unknown child uuid of fp_line.
        Warning: Unknown child stroke of fp_line.
        Warning: Unknown child uuid of fp_line.
        Warning: Unknown child stroke of fp_line.
        Warning: Unknown child uuid of fp_line.
        Warning: Unknown child uuid of pad.
        Warning: Pad name is empty, autogenerated name 'Un1' assigned to pad pad.
        Warning: Unknown child uuid of pad.
        Warning: Pad name is empty, autogenerated name 'Un2' assigned to pad pad.
        Warning: Unknown child uuid of pad.
        Warning: Pad name is empty, autogenerated name 'Un3' assigned to pad pad.
        Warning: Unknown child uuid of pad.
        Warning: Pad name is empty, autogenerated name 'Un4' assigned to pad pad.
        Warning: Unknown child uuid of pad.
        Warning: Unknown child uuid of pad.
        Warning: Unknown child uuid of pad.
        Warning: Unknown child uuid of pad.
        Warning: Unknown child uuid of pad.
        Warning: Unknown child uuid of pad.
        Warning: Unknown child uuid of pad.
        Warning: Unknown child uuid of pad.
        Warning: Unknown child uuid of pad.
        Warning: Unknown child uuid of pad.
        Warning: Unknown child uuid of pad.
        Warning: Unknown child uuid of pad.
        Warning: Unknown child uuid of pad.
        Warning: Unknown child uuid of pad.
        Warning: Unknown child uuid of pad.
        Warning: Unknown child uuid of pad.
        Warning: Unknown child uuid of pad.
        Warning: Unknown child uuid of pad.
        Warning: Unknown child uuid of pad.
        Warning: Unknown child uuid of pad.
        Warning: Unknown child uuid of pad.
        Warning: Unknown child uuid of pad.
        Warning: Unknown child uuid of pad.
        Warning: Unknown child uuid of pad.
        Warning: Unknown child uuid of pad.
        Warning: Unknown child uuid of pad.
        Warning: Unknown child uuid of pad.
        Warning: Unknown child uuid of pad.
        Warning: Unknown child uuid of pad.
        Warning: Unknown child uuid of pad.
        Warning: Unknown child uuid of pad.
        Warning: Unknown child uuid of pad.
        Warning: Unknown child uuid of pad.
        Warning: Unknown child uuid of pad.
        Warning: Unknown child uuid of pad.
        Warning: Unknown child uuid of pad.
        Warning: Unknown child uuid of pad.
        Warning: Unknown child uuid of pad.
        Warning: Unknown child uuid of pad.
        Warning: Unknown child uuid of pad.
        Warning: Unknown child uuid of pad.
        Warning: Unknown child uuid of pad.
        Warning: Unknown child uuid of pad.
        Warning: Unknown child uuid of pad.
        Warning: Unknown child uuid of pad.
        Warning: Unknown child uuid of pad.
        Warning: Unknown child uuid of pad.
        Warning: Unknown child uuid of pad.
        Warning: Unknown child uuid of pad.
        Warning: Unknown child uuid of pad.
        Warning: Unknown child uuid of pad.
        Warning: Unknown child uuid of pad.
        Warning: Unknown child uuid of pad.
        Warning: Unknown child uuid of pad.
        Warning: Unknown child uuid of pad.
        Warning: Unknown child uuid of pad.
        Warning: Unknown child uuid of pad.
        Warning: Unknown child uuid of pad.
        Warning: Unknown child uuid of pad.
        Warning: Unknown child uuid of pad.
        Warning: Unknown child uuid of pad.
        Warning: Unknown child uuid of pad.
        Warning: Unknown child uuid of pad.
        Warning: Unknown child uuid of pad.
        Warning: Unknown child uuid of pad.
        Warning: Unknown child uuid of pad.
        Warning: Unknown child uuid of pad.
        Warning: Unknown child uuid of pad.
        Warning: Unknown child uuid of pad.
        Warning: Unknown child uuid of pad.
        Warning: Unknown child uuid of pad.
        Warning: Unknown child uuid of pad.
        Warning: Unknown child uuid of pad.
        Warning: Unknown child uuid of pad.
        Warning: Unknown child uuid of pad.
        Warning: Unknown child uuid of pad.
        Warning: Unknown child uuid of pad.
        Warning: Unknown child uuid of pad.
        Warning: Unknown child uuid of pad.
        Warning: Unknown child uuid of pad.
        Warning: Unknown child uuid of pad.
        Warning: Unknown child uuid of pad.
        Warning: Unknown child uuid of pad.
        Warning: Unknown child uuid of pad.
        Warning: Unknown child uuid of pad.
        Warning: Unknown child uuid of pad.
        Warning: Unknown child uuid of pad.
        Warning: Unknown child uuid of pad.
        Warning: Unknown child uuid of pad.
        Warning: Unknown child uuid of pad.
        Warning: Unknown child uuid of pad.
        Warning: Unknown child uuid of pad.
        Warning: Unknown child uuid of pad.
        Warning: Unknown child uuid of pad.
        Warning: Unknown child uuid of pad.
        Warning: Unknown child uuid of pad.
        Warning: Unknown child uuid of pad.
        Warning: Unknown child uuid of pad.
        Warning: Unknown child uuid of pad.
        Warning: Unknown child uuid of pad.
        Warning: Unknown child uuid of pad.
        Warning: Unknown child uuid of pad.
        Warning: Unknown child uuid of pad.
        Warning: Unknown child uuid of pad.
        Warning: Unknown child uuid of pad.
        Warning: Unknown child uuid of pad.
        Warning: Unknown child uuid of pad.
        Warning: Unknown child uuid of pad.
        Warning: Unknown child uuid of pad.
        Warning: Unknown child uuid of pad.
        Warning: Unknown child uuid of pad.
        Warning: Unknown child uuid of pad.
        Warning: Unknown child uuid of pad.
        Warning: Unknown child uuid of pad.
        Warning: Unknown child uuid of pad.
        Warning: Unknown child uuid of pad.
        Warning: Unknown child uuid of pad.
        Warning: Unknown child uuid of pad.
        Warning: Unknown child uuid of pad.
        Warning: Unknown child uuid of pad.
        Warning: Unknown child uuid of pad.
        Warning: Unknown child uuid of pad.
        Warning: Unknown child uuid of pad.
        Warning: Unknown child uuid of pad.
        Warning: Unknown child uuid of pad.
        Warning: Unknown child uuid of pad.
        Warning: Unknown child uuid of pad.
        Warning: Unknown child uuid of pad.
        Warning: Unknown child uuid of pad.
        Warning: Unknown child uuid of pad.
        Warning: Unknown child uuid of pad.
        Warning: Unknown child uuid of pad.
        Warning: Unknown child uuid of pad.
        Warning: Unknown child uuid of pad.
        Warning: Unknown child uuid of pad.
        Warning: Unknown child uuid of pad.
        Warning: Unknown child uuid of pad.
        Warning: Unknown child uuid of pad.
        Warning: Unknown child uuid of pad.
        Warning: Unknown child uuid of pad.
        Warning: Unknown child uuid of pad.
        Warning: Unknown child uuid of pad.
        Warning: Unknown child uuid of pad.
        Warning: Unknown child uuid of pad.
        Warning: Unknown child uuid of pad.
        Warning: Unknown child uuid of pad.
        Warning: Unknown child uuid of pad.
        Warning: Unknown child uuid of pad.
        Warning: Unknown child uuid of pad.
        Warning: Unknown child uuid of pad.
        Warning: Unknown child uuid of pad.
        Warning: Unknown child uuid of pad.
        Warning: Unknown child uuid of pad.
        Warning: Unknown child uuid of pad.
        Warning: Unknown child uuid of pad.
        Warning: Unknown child uuid of pad.
        Warning: Unknown child uuid of pad.
        Warning: Unknown child uuid of pad.
        Warning: Unknown child uuid of pad.
        Warning: Unknown child uuid of pad.
        Warning: Unknown child uuid of pad.
        Warning: Unknown child uuid of pad.
        Warning: Unknown child uuid of pad.
        Warning: Unknown child uuid of pad.
        Warning: Unknown child uuid of pad.
        Warning: Unknown child uuid of pad.
        Warning: Unknown child uuid of pad.
        Warning: Unknown child uuid of pad.
        Warning: Unknown child uuid of pad.
        Warning: Unknown child uuid of pad.
        Warning: Unknown child uuid of pad.
        Warning: Unknown child uuid of pad.
        Warning: Unknown child uuid of pad.
        Warning: Unknown child uuid of pad.
        Warning: Unknown child uuid of pad.
        Warning: Unknown child uuid of pad.
        Warning: Unknown child uuid of pad.
        Warning: Unknown child uuid of pad.
        Warning: Unknown child uuid of pad.
        Warning: Unknown child uuid of pad.
        Warning: Unknown child uuid of pad.
        Warning: Unknown child uuid of pad.
        Warning: Unknown child uuid of pad.
        Warning: Unknown child uuid of pad.
        Warning: Unknown child uuid of pad.
        Warning: Unknown child uuid of pad.
        Warning: Unknown child uuid of pad.
        Warning: Unknown child uuid of pad.
        Warning: Unknown child uuid of pad.
        Warning: Unknown child uuid of pad.
        Warning: Unknown child uuid of pad.
        Warning: Unknown child uuid of pad.
        Warning: Unknown child uuid of pad.
        Warning: Unknown child uuid of pad.
        Warning: Unknown child uuid of pad.
        Warning: Unknown child uuid of pad.
        Warning: Unknown child uuid of pad.
        Warning: Unknown child uuid of pad.
        Warning: Unknown child uuid of pad.
        Warning: Unknown child uuid of pad.
        Warning: Unknown child uuid of footprint.
        Warning: Unknown child uuid of property.
        Warning: Unknown child sheetname of footprint.
        Warning: Unknown child sheetfile of footprint.
        Warning: Unknown child stroke of fp_line.
        Warning: Unknown child uuid of fp_line.
        Warning: Unknown child stroke of fp_line.
        Warning: Unknown child uuid of fp_line.
        Warning: Unknown child stroke of fp_line.
        Warning: Unknown child uuid of fp_line.
        Warning: Unknown child stroke of fp_line.
        Warning: Unknown child uuid of fp_line.
        Warning: Unknown child stroke of fp_line.
        Warning: Unknown child uuid of fp_line.
        Warning: Unknown child stroke of fp_line.
        Warning: Unknown child uuid of fp_line.
        Warning: Unknown child stroke of fp_line.
        Warning: Unknown child uuid of fp_line.
        Warning: Unknown child stroke of fp_line.
        Warning: Unknown child uuid of fp_line.
        Warning: Unknown child stroke of fp_line.
        Warning: Unknown child uuid of fp_line.
        Warning: Unknown child stroke of fp_line.
        Warning: Unknown child uuid of fp_line.
        Warning: Unknown child stroke of fp_line.
        Warning: Unknown child uuid of fp_line.
        Warning: Unknown child stroke of fp_line.
        Warning: Unknown child uuid of fp_line.
        Warning: Unknown child stroke of fp_line.
        Warning: Unknown child uuid of fp_line.
        Warning: Unknown child stroke of fp_line.
        Warning: Unknown child uuid of fp_line.
        Warning: Unknown child stroke of fp_line.
        Warning: Unknown child uuid of fp_line.
        Warning: Unknown child stroke of fp_line.
        Warning: Unknown child uuid of fp_line.
        Warning: Unknown child stroke of fp_line.
        Warning: Unknown child uuid of fp_line.
        Warning: Unknown child stroke of fp_line.
        Warning: Unknown child uuid of fp_line.
        Warning: Unknown child stroke of fp_line.
        Warning: Unknown child uuid of fp_line.
        Warning: Unknown child stroke of fp_line.
        Warning: Unknown child uuid of fp_line.
        Warning: Unknown child remove_unused_layers of pad.
        Warning: Unknown child uuid of pad.
        Warning: Unknown child remove_unused_layers of pad.
        Warning: Unknown child uuid of pad.
        Warning: Unknown child remove_unused_layers of pad.
        Warning: Unknown child uuid of pad.
        Warning: Unknown child remove_unused_layers of pad.
        Warning: Unknown child uuid of pad.
        Warning: Unknown child remove_unused_layers of pad.
        Warning: Unknown child uuid of pad.
        Warning: Unknown child remove_unused_layers of pad.
        Warning: Unknown child uuid of pad.
        Warning: Unknown child remove_unused_layers of pad.
        Warning: Unknown child uuid of pad.
        Warning: Unknown child remove_unused_layers of pad.
        Warning: Unknown child uuid of pad.
        Warning: Unknown child remove_unused_layers of pad.
        Warning: Unknown child uuid of pad.
        Warning: Unknown child remove_unused_layers of pad.
        Warning: Unknown child uuid of pad.
        Warning: Unknown child remove_unused_layers of pad.
        Warning: Unknown child uuid of pad.
        Warning: Unknown child remove_unused_layers of pad.
        Warning: Unknown child uuid of pad.
        Warning: Unknown child uuid of footprint.
        Warning: Unknown child uuid of property.
        Warning: Unknown child sheetname of footprint.
        Warning: Unknown child sheetfile of footprint.
        Warning: Unknown child stroke of fp_line.
        Warning: Unknown child uuid of fp_line.
        Warning: Unknown child stroke of fp_line.
        Warning: Unknown child uuid of fp_line.
        Warning: Unknown child stroke of fp_line.
        Warning: Unknown child uuid of fp_line.
        Warning: Unknown child stroke of fp_line.
        Warning: Unknown child uuid of fp_line.
        Warning: Unknown child stroke of fp_line.
        Warning: Unknown child uuid of fp_line.
        Warning: Unknown child stroke of fp_line.
        Warning: Unknown child uuid of fp_line.
        Warning: Unknown child stroke of fp_line.
        Warning: Unknown child uuid of fp_line.
        Warning: Unknown child stroke of fp_line.
        Warning: Unknown child uuid of fp_line.
        Warning: Unknown child stroke of fp_line.
        Warning: Unknown child uuid of fp_line.
        Warning: Unknown child stroke of fp_line.
        Warning: Unknown child uuid of fp_line.
        Warning: Unknown child stroke of fp_line.
        Warning: Unknown child uuid of fp_line.
        Warning: Unknown child stroke of fp_line.
        Warning: Unknown child uuid of fp_line.
        Warning: Unknown child stroke of fp_line.
        Warning: Unknown child uuid of fp_line.
        Warning: Unknown child stroke of fp_line.
        Warning: Unknown child uuid of fp_line.
        Warning: Unknown child stroke of fp_line.
        Warning: Unknown child uuid of fp_line.
        Warning: Unknown child stroke of fp_line.
        Warning: Unknown child uuid of fp_line.
        Warning: Unknown child stroke of fp_line.
        Warning: Unknown child uuid of fp_line.
        Warning: Unknown child stroke of fp_line.
        Warning: Unknown child uuid of fp_line.
        Warning: Unknown child stroke of fp_line.
        Warning: Unknown child uuid of fp_line.
        Warning: Unknown child stroke of fp_line.
        Warning: Unknown child uuid of fp_line.
        Warning: Unknown child stroke of fp_line.
        Warning: Unknown child uuid of fp_line.
        Warning: Unknown child stroke of fp_line.
        Warning: Unknown child uuid of fp_line.
        Warning: Unknown child stroke of fp_line.
        Warning: Unknown child uuid of fp_line.
        Warning: Unknown child stroke of fp_line.
        Warning: Unknown child uuid of fp_line.
        Warning: Unknown child stroke of fp_line.
        Warning: Unknown child uuid of fp_line.
        Warning: Unknown child uuid of fp_text.
        Warning: Unknown child remove_unused_layers of pad.
        Warning: Unknown child uuid of pad.
        Warning: Unknown child remove_unused_layers of pad.
        Warning: Unknown child uuid of pad.
        Warning: Unknown child remove_unused_layers of pad.
        Warning: Unknown child uuid of pad.
        Warning: Unknown child remove_unused_layers of pad.
        Warning: Unknown child uuid of pad.
        Warning: Unknown child remove_unused_layers of pad.
        Warning: Unknown child uuid of pad.
        Warning: Unknown child remove_unused_layers of pad.
        Warning: Unknown child uuid of pad.
        Warning: Unknown child uuid of footprint.
        Warning: Unknown child uuid of property.
        Warning: Unknown child sheetname of footprint.
        Warning: Unknown child sheetfile of footprint.
        Warning: Unknown child stroke of fp_line.
        Warning: Unknown child uuid of fp_line.
        Warning: Unknown child stroke of fp_line.
        Warning: Unknown child uuid of fp_line.
        Warning: Unknown child stroke of fp_line.
        Warning: Unknown child uuid of fp_line.
        Warning: Unknown child stroke of fp_line.
        Warning: Unknown child uuid of fp_line.
        Warning: Unknown child stroke of fp_circle.
        Warning: Unknown child uuid of fp_circle.
        Warning: Unknown child stroke of fp_line.
        Warning: Unknown child uuid of fp_line.
        Warning: Unknown child stroke of fp_line.
        Warning: Unknown child uuid of fp_line.
        Warning: Unknown child stroke of fp_line.
        Warning: Unknown child uuid of fp_line.
        Warning: Unknown child stroke of fp_line.
        Warning: Unknown child uuid of fp_line.
        Warning: Unknown child stroke of fp_line.
        Warning: Unknown child uuid of fp_line.
        Warning: Unknown child stroke of fp_line.
        Warning: Unknown child uuid of fp_line.
        Warning: Unknown child stroke of fp_line.
        Warning: Unknown child uuid of fp_line.
        Warning: Unknown child stroke of fp_line.
        Warning: Unknown child uuid of fp_line.
        Warning: Unknown child stroke of fp_circle.
        Warning: Unknown child uuid of fp_circle.
        Warning: Unknown child remove_unused_layers of pad.
        Warning: Unknown child uuid of pad.
        Warning: Unknown child remove_unused_layers of pad.
        Warning: Unknown child uuid of pad.
        Warning: Unknown child remove_unused_layers of pad.
        Warning: Unknown child uuid of pad.
        Warning: Unknown child remove_unused_layers of pad.
        Warning: Unknown child uuid of pad.
        Warning: Unknown child remove_unused_layers of pad.
        Warning: Unknown child uuid of pad.
        Warning: Unknown child remove_unused_layers of pad.
        Warning: Unknown child uuid of pad.
        Warning: Unknown child remove_unused_layers of pad.
        Warning: Unknown child uuid of pad.
        Warning: Unknown child remove_unused_layers of pad.
        Warning: Unknown child uuid of pad.
        Warning: Unknown child remove_unused_layers of pad.
        Warning: Unknown child uuid of pad.
        Warning: Unknown child remove_unused_layers of pad.
        Warning: Unknown child uuid of pad.
        Warning: Unknown child remove_unused_layers of pad.
        Warning: Unknown child uuid of pad.
        Warning: Unknown child remove_unused_layers of pad.
        Warning: Unknown child uuid of pad.
        Warning: Unknown child remove_unused_layers of pad.
        Warning: Unknown child uuid of pad.
        Warning: Unknown child remove_unused_layers of pad.
        Warning: Unknown child uuid of pad.
        Warning: Unknown child remove_unused_layers of pad.
        Warning: Unknown child uuid of pad.
        Warning: Unknown child remove_unused_layers of pad.
        Warning: Unknown child uuid of pad.
        Warning: Unknown child remove_unused_layers of pad.
        Warning: Unknown child uuid of pad.
        Warning: Unknown child remove_unused_layers of pad.
        Warning: Unknown child uuid of pad.
        Warning: Unknown child uuid of footprint.
        Warning: Unknown child uuid of property.
        Warning: Unknown child sheetname of footprint.
        Warning: Unknown child sheetfile of footprint.
        Warning: Unknown child stroke of fp_line.
        Warning: Unknown child uuid of fp_line.
        Warning: Unknown child stroke of fp_line.
        Warning: Unknown child uuid of fp_line.
        Warning: Unknown child stroke of fp_line.
        Warning: Unknown child uuid of fp_line.
        Warning: Unknown child stroke of fp_line.
        Warning: Unknown child uuid of fp_line.
        Warning: Unknown child stroke of fp_poly.
        Warning: Unknown child uuid of fp_poly.
        Warning: Unknown child stroke of fp_line.
        Warning: Unknown child uuid of fp_line.
        Warning: Unknown child stroke of fp_line.
        Warning: Unknown child uuid of fp_line.
        Warning: Unknown child stroke of fp_line.
        Warning: Unknown child uuid of fp_line.
        Warning: Unknown child stroke of fp_line.
        Warning: Unknown child uuid of fp_line.
        Warning: Unknown child stroke of fp_line.
        Warning: Unknown child uuid of fp_line.
        Warning: Unknown child stroke of fp_line.
        Warning: Unknown child uuid of fp_line.
        Warning: Unknown child stroke of fp_line.
        Warning: Unknown child uuid of fp_line.
        Warning: Unknown child stroke of fp_line.
        Warning: Unknown child uuid of fp_line.
        Warning: Unknown child stroke of fp_line.
        Warning: Unknown child uuid of fp_line.
        Warning: Unknown child uuid of fp_text.
        Warning: Unknown child uuid of pad.
        Warning: Unknown child uuid of pad.
        Warning: Unknown child uuid of pad.
        Warning: Unknown child uuid of pad.
        Warning: Unknown child uuid of pad.
        Warning: Unknown child uuid of pad.
        Warning: Unknown child uuid of pad.
        Warning: Unknown child uuid of pad.
        Warning: Unknown child uuid of pad.
        Warning: Unknown child uuid of pad.
        Warning: Unknown child uuid of footprint.
        Warning: Unknown child uuid of property.
        Warning: Unknown child sheetname of footprint.
        Warning: Unknown child sheetfile of footprint.
        Warning: Unknown child stroke of fp_line.
        Warning: Unknown child uuid of fp_line.
        Warning: Unknown child stroke of fp_line.
        Warning: Unknown child uuid of fp_line.
        Warning: Unknown child stroke of fp_line.
        Warning: Unknown child uuid of fp_line.
        Warning: Unknown child stroke of fp_line.
        Warning: Unknown child uuid of fp_line.
        Warning: Unknown child stroke of fp_line.
        Warning: Unknown child uuid of fp_line.
        Warning: Unknown child stroke of fp_line.
        Warning: Unknown child uuid of fp_line.
        Warning: Unknown child stroke of fp_line.
        Warning: Unknown child uuid of fp_line.
        Warning: Unknown child stroke of fp_line.
        Warning: Unknown child uuid of fp_line.
        Warning: Unknown child stroke of fp_line.
        Warning: Unknown child uuid of fp_line.
        Warning: Unknown child stroke of fp_line.
        Warning: Unknown child uuid of fp_line.
        Warning: Unknown child uuid of fp_text.
        Warning: Unknown child uuid of pad.
        Warning: Unknown child uuid of pad.
        Warning: Unknown child uuid of footprint.
        Warning: Unknown child unlocked of property.
        Warning: Unknown child uuid of property.
        Warning: Unknown child sheetname of footprint.
        Warning: Unknown child sheetfile of footprint.
        Warning: Unknown child stroke of fp_line.
        Warning: Unknown child uuid of fp_line.
        Warning: Unknown child stroke of fp_line.
        Warning: Unknown child uuid of fp_line.
        Warning: Unknown child stroke of fp_line.
        Warning: Unknown child uuid of fp_line.
        Warning: Unknown child stroke of fp_line.
        Warning: Unknown child uuid of fp_line.
        Warning: Unknown child stroke of fp_line.
        Warning: Unknown child uuid of fp_line.
        Warning: Unknown child stroke of fp_line.
        Warning: Unknown child uuid of fp_line.
        Warning: Unknown child stroke of fp_line.
        Warning: Unknown child uuid of fp_line.
        Warning: Unknown child stroke of fp_line.
        Warning: Unknown child uuid of fp_line.
        Warning: Unknown child unlocked of fp_text.
        Warning: Unknown child uuid of fp_text.
        Warning: Unknown child remove_unused_layers of pad.
        Warning: Unknown child uuid of pad.
        Warning: Unknown child remove_unused_layers of pad.
        Warning: Unknown child uuid of pad.
        Warning: Unknown child remove_unused_layers of pad.
        Warning: Unknown child uuid of pad.
        Warning: Unknown child remove_unused_layers of pad.
        Warning: Unknown child uuid of pad.
        Warning: Unknown child remove_unused_layers of pad.
        Warning: Unknown child uuid of pad.
        Warning: Unknown child remove_unused_layers of pad.
        Warning: Unknown child uuid of pad.
        Warning: Unknown child remove_unused_layers of pad.
        Warning: Unknown child uuid of pad.
        Warning: Unknown child remove_unused_layers of pad.
        Warning: Unknown child uuid of pad.
        Warning: Unknown child remove_unused_layers of pad.
        Warning: Unknown child uuid of pad.
        Warning: Unknown child remove_unused_layers of pad.
        Warning: Unknown child uuid of pad.
        Warning: Unknown child remove_unused_layers of pad.
        Warning: Unknown child uuid of pad.
        Warning: Unknown child remove_unused_layers of pad.
        Warning: Unknown child uuid of pad.
        Warning: Unknown child remove_unused_layers of pad.
        Warning: Unknown child uuid of pad.
        Warning: Unknown child remove_unused_layers of pad.
        Warning: Unknown child uuid of pad.
        Warning: Unknown child remove_unused_layers of pad.
        Warning: Unknown child uuid of pad.
        Warning: Unknown child remove_unused_layers of pad.
        Warning: Unknown child uuid of pad.
        Warning: Unknown child remove_unused_layers of pad.
        Warning: Unknown child uuid of pad.
        Warning: Unknown child remove_unused_layers of pad.
        Warning: Unknown child uuid of pad.
        Warning: Unknown child remove_unused_layers of pad.
        Warning: Unknown child uuid of pad.
        Warning: Unknown child remove_unused_layers of pad.
        Warning: Unknown child uuid of pad.
        Warning: Unknown child remove_unused_layers of pad.
        Warning: Unknown child uuid of pad.
        Warning: Unknown child remove_unused_layers of pad.
        Warning: Unknown child uuid of pad.
        Warning: Unknown child uuid of footprint.
        Warning: Unknown child uuid of property.
        Warning: Unknown child sheetname of footprint.
        Warning: Unknown child sheetfile of footprint.
        Warning: Unknown child stroke of fp_line.
        Warning: Unknown child uuid of fp_line.
        Warning: Unknown child stroke of fp_line.
        Warning: Unknown child uuid of fp_line.
        Warning: Unknown child stroke of fp_line.
        Warning: Unknown child uuid of fp_line.
        Warning: Unknown child stroke of fp_line.
        Warning: Unknown child uuid of fp_line.
        Warning: Unknown child stroke of fp_line.
        Warning: Unknown child uuid of fp_line.
        Warning: Unknown child stroke of fp_line.
        Warning: Unknown child uuid of fp_line.
        Warning: Unknown child stroke of fp_line.
        Warning: Unknown child uuid of fp_line.
        Warning: Unknown child stroke of fp_line.
        Warning: Unknown child uuid of fp_line.
        Warning: Unknown child stroke of fp_line.
        Warning: Unknown child uuid of fp_line.
        Warning: Unknown child stroke of fp_line.
        Warning: Unknown child uuid of fp_line.
        Warning: Unknown child stroke of fp_line.
        Warning: Unknown child uuid of fp_line.
        Warning: Unknown child stroke of fp_line.
        Warning: Unknown child uuid of fp_line.
        Warning: Unknown child stroke of fp_line.
        Warning: Unknown child uuid of fp_line.
        Warning: Unknown child stroke of fp_line.
        Warning: Unknown child uuid of fp_line.
        Warning: Unknown child uuid of fp_text.
        Warning: Unknown child uuid of fp_text.
        Warning: Unknown child uuid of pad.
        Warning: Pad name is empty, autogenerated name 'Un1' assigned to pad pad.
        Warning: Unknown child uuid of pad.
        Warning: Pad name is empty, autogenerated name 'Un2' assigned to pad pad.
        Warning: Unknown child uuid of pad.
        Warning: Unknown child uuid of pad.
        Warning: Unknown child uuid of pad.
        Warning: Unknown child uuid of pad.
        Warning: Unknown child uuid of pad.
        Warning: Unknown child uuid of pad.
        Warning: Unknown child uuid of pad.
        Warning: Unknown child uuid of pad.
        Warning: Unknown child uuid of pad.
        Warning: Unknown child uuid of pad.
        Warning: Unknown child uuid of pad.
        Warning: Unknown child uuid of pad.
        Warning: Unknown child uuid of pad.
        Warning: Unknown child uuid of pad.
        Warning: Unknown child uuid of pad.
        Warning: Unknown child uuid of pad.
        Warning: Unknown child remove_unused_layers of pad.
        Warning: Unknown child uuid of pad.
        Warning: Unknown child remove_unused_layers of pad.
        Warning: Unknown child uuid of pad.
        Warning: Unknown child remove_unused_layers of pad.
        Warning: Unknown child uuid of pad.
        Warning: Unknown child remove_unused_layers of pad.
        Warning: Unknown child uuid of pad.
        Warning: Unknown child uuid of footprint.
        Warning: Unknown child uuid of property.
        Warning: Unknown child sheetname of footprint.
        Warning: Unknown child sheetfile of footprint.
        Warning: Unknown child stroke of fp_line.
        Warning: Unknown child uuid of fp_line.
        Warning: Unknown child stroke of fp_line.
        Warning: Unknown child uuid of fp_line.
        Warning: Unknown child stroke of fp_line.
        Warning: Unknown child uuid of fp_line.
        Warning: Unknown child stroke of fp_line.
        Warning: Unknown child uuid of fp_line.
        Warning: Unknown child stroke of fp_line.
        Warning: Unknown child uuid of fp_line.
        Warning: Unknown child stroke of fp_line.
        Warning: Unknown child uuid of fp_line.
        Warning: Unknown child stroke of fp_line.
        Warning: Unknown child uuid of fp_line.
        Warning: Unknown child stroke of fp_circle.
        Warning: Unknown child uuid of fp_circle.
        Warning: Unknown child stroke of fp_line.
        Warning: Unknown child uuid of fp_line.
        Warning: Unknown child stroke of fp_line.
        Warning: Unknown child uuid of fp_line.
        Warning: Unknown child stroke of fp_line.
        Warning: Unknown child uuid of fp_line.
        Warning: Unknown child stroke of fp_line.
        Warning: Unknown child uuid of fp_line.
        Warning: Unknown child stroke of fp_line.
        Warning: Unknown child uuid of fp_line.
        Warning: Unknown child stroke of fp_line.
        Warning: Unknown child uuid of fp_line.
        Warning: Unknown child stroke of fp_line.
        Warning: Unknown child uuid of fp_line.
        Warning: Unknown child stroke of fp_line.
        Warning: Unknown child uuid of fp_line.
        Warning: Unknown child stroke of fp_line.
        Warning: Unknown child uuid of fp_line.
        Warning: Unknown child stroke of fp_line.
        Warning: Unknown child uuid of fp_line.
        Warning: Unknown child stroke of fp_line.
        Warning: Unknown child uuid of fp_line.
        Warning: Unknown child stroke of fp_rect.
        Warning: Unknown child uuid of fp_rect.
        Warning: Unknown child uuid of pad.
        Warning: Unknown child uuid of pad.
        Warning: Unknown child uuid of pad.
        Warning: Unknown child uuid of pad.
        Warning: Unknown child uuid of pad.
        Warning: Unknown child uuid of pad.
        Warning: Unknown child uuid of pad.
        Warning: Unknown child uuid of pad.
        Warning: Unknown child uuid of pad.
        Warning: Unknown child uuid of pad.
        Warning: Unknown child uuid of pad.
        Warning: Unknown child uuid of pad.
        Warning: Unknown child uuid of pad.
        Warning: Unknown child uuid of pad.
        Warning: Unknown child uuid of pad.
        Warning: Unknown child uuid of pad.
        Warning: Unknown child uuid of pad.
        Warning: Unknown child uuid of pad.
        Warning: Unknown child uuid of pad.
        Warning: Unknown child remove_unused_layers of pad.
        Warning: Unknown child uuid of pad.
        Warning: Unknown child remove_unused_layers of pad.
        Warning: Unknown child uuid of pad.
        Warning: Unknown child remove_unused_layers of pad.
        Warning: Unknown child uuid of pad.
        Warning: Unknown child remove_unused_layers of pad.
        Warning: Unknown child uuid of pad.
        Warning: Unknown child uuid of footprint.
        Warning: Unknown child uuid of property.
        Warning: Unknown child sheetname of footprint.
        Warning: Unknown child sheetfile of footprint.
        Warning: Unknown child stroke of fp_line.
        Warning: Unknown child uuid of fp_line.
        Warning: Unknown child stroke of fp_line.
        Warning: Unknown child uuid of fp_line.
        Warning: Unknown child stroke of fp_line.
        Warning: Unknown child uuid of fp_line.
        Warning: Unknown child stroke of fp_line.
        Warning: Unknown child uuid of fp_line.
        Warning: Unknown child stroke of fp_circle.
        Warning: Unknown child uuid of fp_circle.
        Warning: Unknown child stroke of fp_line.
        Warning: Unknown child uuid of fp_line.
        Warning: Unknown child stroke of fp_line.
        Warning: Unknown child uuid of fp_line.
        Warning: Unknown child stroke of fp_line.
        Warning: Unknown child uuid of fp_line.
        Warning: Unknown child stroke of fp_line.
        Warning: Unknown child uuid of fp_line.
        Warning: Unknown child stroke of fp_line.
        Warning: Unknown child uuid of fp_line.
        Warning: Unknown child stroke of fp_line.
        Warning: Unknown child uuid of fp_line.
        Warning: Unknown child stroke of fp_line.
        Warning: Unknown child uuid of fp_line.
        Warning: Unknown child stroke of fp_line.
        Warning: Unknown child uuid of fp_line.
        Warning: Unknown child stroke of fp_circle.
        Warning: Unknown child uuid of fp_circle.
        Warning: Unknown child remove_unused_layers of pad.
        Warning: Unknown child uuid of pad.
        Warning: Unknown child remove_unused_layers of pad.
        Warning: Unknown child uuid of pad.
        Warning: Unknown child remove_unused_layers of pad.
        Warning: Unknown child uuid of pad.
        Warning: Unknown child remove_unused_layers of pad.
        Warning: Unknown child uuid of pad.
        Warning: Unknown child remove_unused_layers of pad.
        Warning: Unknown child uuid of pad.
        Warning: Unknown child remove_unused_layers of pad.
        Warning: Unknown child uuid of pad.
        Warning: Unknown child remove_unused_layers of pad.
        Warning: Unknown child uuid of pad.
        Warning: Unknown child remove_unused_layers of pad.
        Warning: Unknown child uuid of pad.
        Warning: Unknown child remove_unused_layers of pad.
        Warning: Unknown child uuid of pad.
        Warning: Unknown child remove_unused_layers of pad.
        Warning: Unknown child uuid of pad.
        Warning: Unknown child remove_unused_layers of pad.
        Warning: Unknown child uuid of pad.
        Warning: Unknown child remove_unused_layers of pad.
        Warning: Unknown child uuid of pad.
        Warning: Unknown child remove_unused_layers of pad.
        Warning: Unknown child uuid of pad.
        Warning: Unknown child remove_unused_layers of pad.
        Warning: Unknown child uuid of pad.
        Warning: Unknown child remove_unused_layers of pad.
        Warning: Unknown child uuid of pad.
        Warning: Unknown child remove_unused_layers of pad.
        Warning: Unknown child uuid of pad.
        Warning: Unknown child remove_unused_layers of pad.
        Warning: Unknown child uuid of pad.
        Warning: Unknown child remove_unused_layers of pad.
        Warning: Unknown child uuid of pad.
        Warning: Unknown child uuid of footprint.
        Warning: Unknown child uuid of property.
        Warning: Unknown child sheetname of footprint.
        Warning: Unknown child sheetfile of footprint.
        Warning: Unknown child stroke of fp_line.
        Warning: Unknown child uuid of fp_line.
        Warning: Unknown child stroke of fp_line.
        Warning: Unknown child uuid of fp_line.
        Warning: Unknown child stroke of fp_line.
        Warning: Unknown child uuid of fp_line.
        Warning: Unknown child stroke of fp_line.
        Warning: Unknown child uuid of fp_line.
        Warning: Unknown child stroke of fp_line.
        Warning: Unknown child uuid of fp_line.
        Warning: Unknown child stroke of fp_line.
        Warning: Unknown child uuid of fp_line.
        Warning: Unknown child stroke of fp_line.
        Warning: Unknown child uuid of fp_line.
        Warning: Unknown child stroke of fp_line.
        Warning: Unknown child uuid of fp_line.
        Warning: Unknown child stroke of fp_line.
        Warning: Unknown child uuid of fp_line.
        Warning: Unknown child stroke of fp_line.
        Warning: Unknown child uuid of fp_line.
        Warning: Unknown child stroke of fp_line.
        Warning: Unknown child uuid of fp_line.
        Warning: Unknown child stroke of fp_line.
        Warning: Unknown child uuid of fp_line.
        Warning: Unknown child stroke of fp_line.
        Warning: Unknown child uuid of fp_line.
        Warning: Unknown child stroke of fp_line.
        Warning: Unknown child uuid of fp_line.
        Warning: Unknown child uuid of fp_text.
        Warning: Unknown child uuid of fp_text.
        Warning: Unknown child uuid of pad.
        Warning: Pad name is empty, autogenerated name 'Un1' assigned to pad pad.
        Warning: Unknown child uuid of pad.
        Warning: Pad name is empty, autogenerated name 'Un2' assigned to pad pad.
        Warning: Unknown child uuid of pad.
        Warning: Unknown child uuid of pad.
        Warning: Unknown child uuid of pad.
        Warning: Unknown child uuid of pad.
        Warning: Unknown child uuid of pad.
        Warning: Unknown child uuid of pad.
        Warning: Unknown child uuid of pad.
        Warning: Unknown child uuid of pad.
        Warning: Unknown child uuid of pad.
        Warning: Unknown child uuid of pad.
        Warning: Unknown child uuid of pad.
        Warning: Unknown child uuid of pad.
        Warning: Unknown child uuid of pad.
        Warning: Unknown child uuid of pad.
        Warning: Unknown child uuid of pad.
        Warning: Unknown child uuid of pad.
        Warning: Unknown child remove_unused_layers of pad.
        Warning: Unknown child uuid of pad.
        Warning: Unknown child remove_unused_layers of pad.
        Warning: Unknown child uuid of pad.
        Warning: Unknown child remove_unused_layers of pad.
        Warning: Unknown child uuid of pad.
        Warning: Unknown child remove_unused_layers of pad.
        Warning: Unknown child uuid of pad.
        Warning: Unknown child uuid of footprint.
        Warning: Unknown child uuid of property.
        Warning: Unknown child sheetname of footprint.
        Warning: Unknown child sheetfile of footprint.
        Warning: Unknown child stroke of fp_line.
        Warning: Unknown child uuid of fp_line.
        Warning: Unknown child stroke of fp_line.
        Warning: Unknown child uuid of fp_line.
        Warning: Unknown child stroke of fp_line.
        Warning: Unknown child uuid of fp_line.
        Warning: Unknown child stroke of fp_line.
        Warning: Unknown child uuid of fp_line.
        Warning: Unknown child stroke of fp_line.
        Warning: Unknown child uuid of fp_line.
        Warning: Unknown child stroke of fp_line.
        Warning: Unknown child uuid of fp_line.
        Warning: Unknown child stroke of fp_line.
        Warning: Unknown child uuid of fp_line.
        Warning: Unknown child stroke of fp_line.
        Warning: Unknown child uuid of fp_line.
        Warning: Unknown child stroke of fp_line.
        Warning: Unknown child uuid of fp_line.
        Warning: Unknown child stroke of fp_line.
        Warning: Unknown child uuid of fp_line.
        Warning: Unknown child stroke of fp_line.
        Warning: Unknown child uuid of fp_line.
        Warning: Unknown child stroke of fp_line.
        Warning: Unknown child uuid of fp_line.
        Warning: Unknown child stroke of fp_line.
        Warning: Unknown child uuid of fp_line.
        Warning: Unknown child stroke of fp_line.
        Warning: Unknown child uuid of fp_line.
        Warning: Unknown child stroke of fp_line.
        Warning: Unknown child uuid of fp_line.
        Warning: Unknown child stroke of fp_line.
        Warning: Unknown child uuid of fp_line.
        Warning: Unknown child stroke of fp_line.
        Warning: Unknown child uuid of fp_line.
        Warning: Unknown child stroke of fp_line.
        Warning: Unknown child uuid of fp_line.
        Warning: Unknown child stroke of fp_line.
        Warning: Unknown child uuid of fp_line.
        Warning: Unknown child stroke of fp_line.
        Warning: Unknown child uuid of fp_line.
        Warning: Unknown child stroke of fp_line.
        Warning: Unknown child uuid of fp_line.
        Warning: Unknown child stroke of fp_line.
        Warning: Unknown child uuid of fp_line.
        Warning: Unknown child stroke of fp_line.
        Warning: Unknown child uuid of fp_line.
        Warning: Unknown child stroke of fp_line.
        Warning: Unknown child uuid of fp_line.
        Warning: Unknown child stroke of fp_line.
        Warning: Unknown child uuid of fp_line.
        Warning: Unknown child uuid of fp_text.
        Warning: Unknown child remove_unused_layers of pad.
        Warning: Unknown child uuid of pad.
        Warning: Unknown child remove_unused_layers of pad.
        Warning: Unknown child uuid of pad.
        Warning: Unknown child remove_unused_layers of pad.
        Warning: Unknown child uuid of pad.
        Warning: Unknown child remove_unused_layers of pad.
        Warning: Unknown child uuid of pad.
        Warning: Unknown child remove_unused_layers of pad.
        Warning: Unknown child uuid of pad.
        Warning: Unknown child remove_unused_layers of pad.
        Warning: Unknown child uuid of pad.
        Warning: Unknown child uuid of footprint.
        Warning: Unknown child uuid of property.
        Warning: Unknown child sheetname of footprint.
        Warning: Unknown child sheetfile of footprint.
        Warning: Unknown child stroke of fp_line.
        Warning: Unknown child uuid of fp_line.
        Warning: Unknown child stroke of fp_line.
        Warning: Unknown child uuid of fp_line.
        Warning: Unknown child stroke of fp_line.
        Warning: Unknown child uuid of fp_line.
        Warning: Unknown child stroke of fp_line.
        Warning: Unknown child uuid of fp_line.
        Warning: Unknown child stroke of fp_poly.
        Warning: Unknown child uuid of fp_poly.
        Warning: Unknown child stroke of fp_line.
        Warning: Unknown child uuid of fp_line.
        Warning: Unknown child stroke of fp_line.
        Warning: Unknown child uuid of fp_line.
        Warning: Unknown child stroke of fp_line.
        Warning: Unknown child uuid of fp_line.
        Warning: Unknown child stroke of fp_line.
        Warning: Unknown child uuid of fp_line.
        Warning: Unknown child stroke of fp_line.
        Warning: Unknown child uuid of fp_line.
        Warning: Unknown child stroke of fp_line.
        Warning: Unknown child uuid of fp_line.
        Warning: Unknown child stroke of fp_line.
        Warning: Unknown child uuid of fp_line.
        Warning: Unknown child stroke of fp_line.
        Warning: Unknown child uuid of fp_line.
        Warning: Unknown child stroke of fp_line.
        Warning: Unknown child uuid of fp_line.
        Warning: Unknown child uuid of fp_text.
        Warning: Unknown child uuid of pad.
        Warning: Unknown child uuid of pad.
        Warning: Unknown child uuid of pad.
        Warning: Unknown child uuid of pad.
        Warning: Unknown child uuid of pad.
        Warning: Unknown child uuid of pad.
        Warning: Unknown child uuid of pad.
        Warning: Unknown child uuid of pad.
        Warning: Unknown child uuid of pad.
        Warning: Unknown child uuid of pad.
        Warning: Unknown child uuid of footprint.
        Warning: Unknown child uuid of property.
        Warning: Unknown child sheetname of footprint.
        Warning: Unknown child sheetfile of footprint.
        Warning: Unknown child stroke of fp_line.
        Warning: Unknown child uuid of fp_line.
        Warning: Unknown child stroke of fp_line.
        Warning: Unknown child uuid of fp_line.
        Warning: Unknown child stroke of fp_line.
        Warning: Unknown child uuid of fp_line.
        Warning: Unknown child stroke of fp_line.
        Warning: Unknown child uuid of fp_line.
        Warning: Unknown child stroke of fp_line.
        Warning: Unknown child uuid of fp_line.
        Warning: Unknown child stroke of fp_line.
        Warning: Unknown child uuid of fp_line.
        Warning: Unknown child stroke of fp_line.
        Warning: Unknown child uuid of fp_line.
        Warning: Unknown child stroke of fp_line.
        Warning: Unknown child uuid of fp_line.
        Warning: Unknown child stroke of fp_circle.
        Warning: Unknown child uuid of fp_circle.
        Warning: Unknown child stroke of fp_line.
        Warning: Unknown child uuid of fp_line.
        Warning: Unknown child stroke of fp_line.
        Warning: Unknown child uuid of fp_line.
        Warning: Unknown child stroke of fp_line.
        Warning: Unknown child uuid of fp_line.
        Warning: Unknown child stroke of fp_line.
        Warning: Unknown child uuid of fp_line.
        Warning: Unknown child stroke of fp_line.
        Warning: Unknown child uuid of fp_line.
        Warning: Unknown child stroke of fp_line.
        Warning: Unknown child uuid of fp_line.
        Warning: Unknown child stroke of fp_line.
        Warning: Unknown child uuid of fp_line.
        Warning: Unknown child stroke of fp_line.
        Warning: Unknown child uuid of fp_line.
        Warning: Unknown child stroke of fp_line.
        Warning: Unknown child uuid of fp_line.
        Warning: Unknown child stroke of fp_line.
        Warning: Unknown child uuid of fp_line.
        Warning: Unknown child stroke of fp_line.
        Warning: Unknown child uuid of fp_line.
        Warning: Unknown child stroke of fp_line.
        Warning: Unknown child uuid of fp_line.
        Warning: Unknown child stroke of fp_line.
        Warning: Unknown child uuid of fp_line.
        Warning: Unknown child stroke of fp_line.
        Warning: Unknown child uuid of fp_line.
        Warning: Unknown child stroke of fp_line.
        Warning: Unknown child uuid of fp_line.
        Warning: Unknown child stroke of fp_line.
        Warning: Unknown child uuid of fp_line.
        Warning: Unknown child stroke of fp_line.
        Warning: Unknown child uuid of fp_line.
        Warning: Unknown child stroke of fp_line.
        Warning: Unknown child uuid of fp_line.
        Warning: Unknown child stroke of fp_line.
        Warning: Unknown child uuid of fp_line.
        Warning: Unknown child stroke of fp_line.
        Warning: Unknown child uuid of fp_line.
        Warning: Unknown child uuid of fp_text.
        Warning: Unknown child uuid of pad.
        Warning: Unknown child uuid of pad.
        Warning: Unknown child uuid of pad.
        Warning: Unknown child uuid of pad.
        Warning: Unknown child uuid of pad.
        Warning: Unknown child uuid of pad.
        Warning: Unknown child uuid of pad.
        Warning: Unknown child uuid of pad.
        Warning: Unknown child uuid of pad.
        Warning: Unknown child uuid of pad.
        Warning: Unknown child uuid of pad.
        Warning: Unknown child uuid of pad.
        Warning: Unknown child uuid of pad.
        Warning: Unknown child uuid of pad.
        Warning: Unknown child uuid of pad.
        Warning: Unknown child uuid of pad.
        Warning: Unknown child uuid of pad.
        Warning: Unknown child uuid of pad.
        Warning: Unknown child uuid of pad.
        Warning: Unknown child uuid of pad.
        Warning: Unknown child uuid of pad.
        Warning: Unknown child uuid of pad.
        Warning: Unknown child uuid of pad.
        Warning: Unknown child uuid of pad.
        Warning: Unknown child uuid of footprint.
        Warning: Unknown child uuid of property.
        Warning: Unknown child sheetname of footprint.
        Warning: Unknown child sheetfile of footprint.
        Warning: Unknown child stroke of fp_line.
        Warning: Unknown child uuid of fp_line.
        Warning: Unknown child stroke of fp_line.
        Warning: Unknown child uuid of fp_line.
        Warning: Unknown child stroke of fp_line.
        Warning: Unknown child uuid of fp_line.
        Warning: Unknown child stroke of fp_line.
        Warning: Unknown child uuid of fp_line.
        Warning: Unknown child stroke of fp_line.
        Warning: Unknown child uuid of fp_line.
        Warning: Unknown child stroke of fp_line.
        Warning: Unknown child uuid of fp_line.
        Warning: Unknown child stroke of fp_line.
        Warning: Unknown child uuid of fp_line.
        Warning: Unknown child stroke of fp_line.
        Warning: Unknown child uuid of fp_line.
        Warning: Unknown child stroke of fp_poly.
        Warning: Unknown child uuid of fp_poly.
        Warning: Unknown child stroke of fp_line.
        Warning: Unknown child uuid of fp_line.
        Warning: Unknown child stroke of fp_line.
        Warning: Unknown child uuid of fp_line.
        Warning: Unknown child stroke of fp_line.
        Warning: Unknown child uuid of fp_line.
        Warning: Unknown child stroke of fp_line.
        Warning: Unknown child uuid of fp_line.
        Warning: Unknown child stroke of fp_line.
        Warning: Unknown child uuid of fp_line.
        Warning: Unknown child stroke of fp_line.
        Warning: Unknown child uuid of fp_line.
        Warning: Unknown child stroke of fp_line.
        Warning: Unknown child uuid of fp_line.
        Warning: Unknown child stroke of fp_line.
        Warning: Unknown child uuid of fp_line.
        Warning: Unknown child stroke of fp_line.
        Warning: Unknown child uuid of fp_line.
        Warning: Unknown child uuid of fp_text.
        Warning: Unknown child uuid of pad.
        Warning: Pad name is empty, autogenerated name 'Un1' assigned to pad pad.
        Warning: Unknown child uuid of pad.
        Warning: Pad name is empty, autogenerated name 'Un2' assigned to pad pad.
        Warning: Unknown child uuid of pad.
        Warning: Pad name is empty, autogenerated name 'Un3' assigned to pad pad.
        Warning: Unknown child uuid of pad.
        Warning: Pad name is empty, autogenerated name 'Un4' assigned to pad pad.
        Warning: Unknown child uuid of pad.
        Warning: Pad name is empty, autogenerated name 'Un5' assigned to pad pad.
        Warning: Unknown child uuid of pad.
        Warning: Pad name is empty, autogenerated name 'Un6' assigned to pad pad.
        Warning: Unknown child uuid of pad.
        Warning: Pad name is empty, autogenerated name 'Un7' assigned to pad pad.
        Warning: Unknown child uuid of pad.
        Warning: Pad name is empty, autogenerated name 'Un8' assigned to pad pad.
        Warning: Unknown child uuid of pad.
        Warning: Pad name is empty, autogenerated name 'Un9' assigned to pad pad.
        Warning: Unknown child uuid of pad.
        Warning: Unknown child uuid of pad.
        Warning: Unknown child uuid of pad.
        Warning: Unknown child uuid of pad.
        Warning: Unknown child uuid of pad.
        Warning: Unknown child uuid of pad.
        Warning: Unknown child uuid of pad.
        Warning: Unknown child uuid of pad.
        Warning: Unknown child uuid of pad.
        Warning: Unknown child uuid of pad.
        Warning: Unknown child uuid of pad.
        Warning: Unknown child uuid of pad.
        Warning: Unknown child uuid of pad.
        Warning: Unknown child uuid of pad.
        Warning: Unknown child uuid of pad.
        Warning: Unknown child uuid of pad.
        Warning: Unknown child uuid of pad.
        Warning: Unknown child uuid of pad.
        Warning: Unknown child uuid of pad.
        Warning: Unknown child uuid of pad.
        Warning: Unknown child uuid of pad.
        Warning: Unknown child uuid of pad.
        Warning: Unknown child uuid of pad.
        Warning: Unknown child uuid of pad.
        Warning: Unknown child uuid of pad.
        Warning: Unknown child uuid of pad.
        Warning: Unknown child uuid of pad.
        Warning: Unknown child uuid of pad.
        Warning: Unknown child uuid of pad.
        Warning: Unknown child uuid of pad.
        Warning: Unknown child uuid of pad.
        Warning: Unknown child uuid of pad.
        Warning: Unknown child uuid of pad.
        Warning: Unknown child uuid of pad.
        Warning: Unknown child uuid of pad.
        Warning: Unknown child uuid of pad.
        Warning: Unknown child property of pad.
        Warning: Unknown child uuid of pad.
        Warning: Unknown child stroke of gr_rect.
        Warning: Unknown child uuid of gr_rect.
        Warning: Unknown child uuid of gr_text.
        Warning: Unknown child uuid of gr_text.
        Warning: Unknown child uuid of gr_text.
        Warning: Unknown child uuid of gr_text.
        Warning: Unknown child uuid of gr_text.
        Warning: Unknown child uuid of gr_text.
        Warning: Unknown child uuid of via.
        Warning: Unknown child uuid of via.
        Warning: Unknown child uuid of via.
        Warning: Unknown child uuid of via.
        Warning: Unknown child 'generated' of 'kicad_pcb'.
        Warning: Unknown child 'generated' of 'kicad_pcb'.
    EndSection
    Section : Import Document - D:\lego project\JedlikBots\Circuit\altium\Rovot v4\Imported 4x tmc5160\CM5IO.PcbDoc
        Event: Nets was imported.
        Event: Component U3 was successfully imported.
        Event: Component J4 was successfully imported.
        Event: Component J17 was successfully imported.
        Event: Component J10 was successfully imported.
        Event: Component U21 was successfully imported.
        Event: Component M7 was successfully imported.
        Event: Component U27 was successfully imported.
        Event: Component M9 was successfully imported.
        Event: Component U43 was successfully imported.
        Event: Component J16 was successfully imported.
        Event: Component U42 was successfully imported.
        Event: Component Module1 was successfully imported.
        Event: Component J18 was successfully imported.
        Event: Component M8 was successfully imported.
        Event: Component U44 was successfully imported.
        Event: Component U17 was successfully imported.
        Event: Component FB1 was successfully imported.
        Event: Component J12 was successfully imported.
        Event: Component J1 was successfully imported.
        Event: Component J22 was successfully imported.
        Event: Component U45 was successfully imported.
        Event: Component J15 was successfully imported.
        Event: Component M6 was successfully imported.
        Event: Component U22 was successfully imported.
        Event: Component J5 was successfully imported.
        Event: Component U19 was successfully imported.
        Event: Rect was successfully imported.
        Event: Text 'M.2 M Key' was successfully imported.
        Event: Text '2242' was successfully imported.
        Event: Text '2230' was successfully imported.
        Event: Text '2242' was successfully imported.
        Event: Text '2230' was successfully imported.
        Event: Text '${REFERENCE}' was successfully imported.
        Event: Via on [122,8,-97,8485] was successfully imported.
        Event: Via on [111,5515,-84,9] was successfully imported.
        Event: Via on [122,8,-98,5515] was successfully imported.
        Event: Via on [110,8485,-84,9] was successfully imported.
        Section : Component U3 importing.
            Error: Import is not implemented for: KiCadLib.PCB.PCBLine
            Event: Line with 2 vertices was successfully imported.
            Error: Import is not implemented for: KiCadLib.PCB.PCBLine
            Event: Line with 2 vertices was successfully imported.
            Error: Import is not implemented for: KiCadLib.PCB.PCBLine
            Event: Line with 2 vertices was successfully imported.
            Error: Import is not implemented for: KiCadLib.PCB.PCBLine
            Event: Line with 2 vertices was successfully imported.
            Error: Import is not implemented for: KiCadLib.PCB.PCBLine
            Event: Line with 2 vertices was successfully imported.
            Error: Import is not implemented for: KiCadLib.PCB.PCBLine
            Event: Line with 2 vertices was successfully imported.
            Error: Import is not implemented for: KiCadLib.PCB.PCBLine
            Event: Line with 2 vertices was successfully imported.
            Error: Import is not implemented for: KiCadLib.PCB.PCBLine
            Event: Line with 2 vertices was successfully imported.
            Error: Import is not implemented for: KiCadLib.PCB.PCBLine
            Event: Line with 2 vertices was successfully imported.
            Error: Import is not implemented for: KiCadLib.PCB.PCBLine
            Event: Line with 2 vertices was successfully imported.
            Error: Import is not implemented for: KiCadLib.PCB.PCBLine
            Event: Line with 2 vertices was successfully imported.
            Error: Import is not implemented for: KiCadLib.PCB.PCBLine
            Event: Line with 2 vertices was successfully imported.
            Error: Import is not implemented for: KiCadLib.PCB.PCBLine
            Event: Line with 2 vertices was successfully imported.
            Error: Import is not implemented for: KiCadLib.PCB.PCBLine
            Event: Line with 2 vertices was successfully imported.
            Error: Import is not implemented for: KiCadLib.PCB.PCBLine
            Event: Line with 2 vertices was successfully imported.
            Error: Import is not implemented for: KiCadLib.PCB.PCBLine
            Event: Line with 2 vertices was successfully imported.
            Error: Import is not implemented for: KiCadLib.PCB.PCBLine
            Event: Line with 2 vertices was successfully imported.
            Error: Import is not implemented for: KiCadLib.PCB.PCBLine
            Event: Line with 2 vertices was successfully imported.
            Error: Import is not implemented for: KiCadLib.PCB.PCBLine
            Event: Line with 2 vertices was successfully imported.
            Error: Import is not implemented for: KiCadLib.PCB.PCBLine
            Event: Line with 2 vertices was successfully imported.
            Error: Import is not implemented for: KiCadLib.PCB.PCBLine
            Event: Line with 2 vertices was successfully imported.
            Error: Import is not implemented for: KiCadLib.PCB.PCBLine
            Event: Line with 2 vertices was successfully imported.
            Error: Import is not implemented for: KiCadLib.PCB.PCBLine
            Event: Line with 2 vertices was successfully imported.
            Error: Import is not implemented for: KiCadLib.PCB.PCBLine
            Event: Line with 2 vertices was successfully imported.
            Error: Import is not implemented for: KiCadLib.PCB.PCBLine
            Event: Line with 2 vertices was successfully imported.
            Event: Text 'user ${REFERENCE}' was successfully imported.
            Event: Pad Un1 on [-5,715,-0] was successfully imported.
            Event: Pad Un2 on [5,715,-0] was successfully imported.
            Event: Pad 1 on [-5,715,8,89] was successfully imported.
            Event: Pad 2 on [-4,445,6,35] was successfully imported.
            Event: Pad 3 on [-3,175,8,89] was successfully imported.
            Event: Pad 4 on [-1,905,6,35] was successfully imported.
            Event: Pad 5 on [-0,635,8,89] was successfully imported.
            Event: Pad 6 on [0,635,6,35] was successfully imported.
            Event: Pad 7 on [1,905,8,89] was successfully imported.
            Event: Pad 8 on [3,175,6,35] was successfully imported.
            Event: Pad 9 on [4,445,8,89] was successfully imported.
            Event: Pad 10 on [5,715,6,35] was successfully imported.
            Event: Pad 11 on [-5,715,3,83] was successfully imported.
            Event: Pad 12 on [-3,175,2,56] was successfully imported.
            Event: Pad 13 on [3,175,2,56] was successfully imported.
            Event: Pad 14 on [5,715,3,83] was successfully imported.
            Event: Pad 15 on [-6,63,-4,06] was successfully imported.
            Event: Pad 16 on [-4,09,-4,06] was successfully imported.
            Event: Pad 17 on [4,09,-4,06] was successfully imported.
            Event: Pad 18 on [6,63,-4,06] was successfully imported.
            Event: Pad 19 on [-7,875,3,05] was successfully imported.
            Event: Pad 20 on [7,875,3,05] was successfully imported.
        EndSection
        Section : Component J4 importing.
            Error: Import is not implemented for: KiCadLib.PCB.PCBLine
            Event: Line with 2 vertices was successfully imported.
            Error: Import is not implemented for: KiCadLib.PCB.PCBLine
            Event: Line with 2 vertices was successfully imported.
            Error: Import is not implemented for: KiCadLib.PCB.PCBLine
            Event: Line with 2 vertices was successfully imported.
            Error: Import is not implemented for: KiCadLib.PCB.PCBLine
            Event: Line with 2 vertices was successfully imported.
            Error: Import is not implemented for: KiCadLib.PCB.PCBLine
            Event: Line with 2 vertices was successfully imported.
            Error: Import is not implemented for: KiCadLib.PCB.PCBLine
            Event: Line with 2 vertices was successfully imported.
            Error: Import is not implemented for: KiCadLib.PCB.PCBLine
            Event: Line with 2 vertices was successfully imported.
            Error: Import is not implemented for: KiCadLib.PCB.PCBLine
            Event: Line with 2 vertices was successfully imported.
            Error: Import is not implemented for: KiCadLib.PCB.PCBLine
            Event: Line with 2 vertices was successfully imported.
            Error: Import is not implemented for: KiCadLib.PCB.PCBLine
            Event: Line with 2 vertices was successfully imported.
            Error: Import is not implemented for: KiCadLib.PCB.PCBLine
            Event: Line with 2 vertices was successfully imported.
            Error: Import is not implemented for: KiCadLib.PCB.PCBLine
            Event: Line with 2 vertices was successfully imported.
            Error: Import is not implemented for: KiCadLib.PCB.PCBLine
            Event: Line with 2 vertices was successfully imported.
            Error: Import is not implemented for: KiCadLib.PCB.PCBLine
            Event: Line with 2 vertices was successfully imported.
            Error: Import is not implemented for: KiCadLib.PCB.PCBLine
            Event: Line with 2 vertices was successfully imported.
            Error: Import is not implemented for: KiCadLib.PCB.PCBLine
            Event: Line with 2 vertices was successfully imported.
            Error: Import is not implemented for: KiCadLib.PCB.PCBLine
            Event: Line with 2 vertices was successfully imported.
            Event: Rect was successfully imported.
            Error: Import is not implemented for: KiCadLib.PCB.PCBLine
            Event: Line with 2 vertices was successfully imported.
            Error: Import is not implemented for: KiCadLib.PCB.PCBLine
            Event: Line with 2 vertices was successfully imported.
            Error: Import is not implemented for: KiCadLib.PCB.PCBLine
            Event: Line with 2 vertices was successfully imported.
            Error: Import is not implemented for: KiCadLib.PCB.PCBLine
            Event: Line with 2 vertices was successfully imported.
            Error: Import is not implemented for: KiCadLib.PCB.PCBLine
            Event: Line with 2 vertices was successfully imported.
            Error: Import is not implemented for: KiCadLib.PCB.PCBLine
            Event: Line with 2 vertices was successfully imported.
            Error: Import is not implemented for: KiCadLib.PCB.PCBLine
            Event: Line with 2 vertices was successfully imported.
            Error: Import is not implemented for: KiCadLib.PCB.PCBLine
            Event: Line with 2 vertices was successfully imported.
            Event: Rect was successfully imported.
            Event: Text 'user M.2 M Key' was successfully imported.
            Event: Text 'user 2242' was successfully imported.
            Event: Text 'user 2230' was successfully imported.
            Event: Text 'user 2260' was successfully imported.
            Event: Text 'user 2242' was successfully imported.
            Event: Text 'user 2260' was successfully imported.
            Event: Text 'user 2230' was successfully imported.
            Event: Text 'user 2280' was successfully imported.
            Event: Text 'user 2280' was successfully imported.
            Event: Pad Un1 on [-10,-0] was successfully imported.
            Event: Pad Un2 on [10,-0] was successfully imported.
            Event: Pad 1 on [-9,25,5,275] was successfully imported.
            Event: Pad 2 on [-9,-2,275] was successfully imported.
            Event: Pad 3 on [-8,75,5,275] was successfully imported.
            Event: Pad 4 on [-8,5,-2,275] was successfully imported.
            Event: Pad 5 on [-8,25,5,275] was successfully imported.
            Event: Pad 6 on [-8,-2,275] was successfully imported.
            Event: Pad 7 on [-7,75,5,275] was successfully imported.
            Event: Pad 8 on [-7,5,-2,275] was successfully imported.
            Event: Pad 9 on [-7,25,5,275] was successfully imported.
            Event: Pad 10 on [-7,-2,275] was successfully imported.
            Event: Pad 11 on [-6,75,5,275] was successfully imported.
            Event: Pad 12 on [-6,5,-2,275] was successfully imported.
            Event: Pad 13 on [-6,25,5,275] was successfully imported.
            Event: Pad 14 on [-6,-2,275] was successfully imported.
            Event: Pad 15 on [-5,75,5,275] was successfully imported.
            Event: Pad 16 on [-5,5,-2,275] was successfully imported.
            Event: Pad 17 on [-5,25,5,275] was successfully imported.
            Event: Pad 18 on [-5,-2,275] was successfully imported.
            Event: Pad 19 on [-4,75,5,275] was successfully imported.
            Event: Pad 20 on [-4,5,-2,275] was successfully imported.
            Event: Pad 21 on [-4,25,5,275] was successfully imported.
            Event: Pad 22 on [-4,-2,275] was successfully imported.
            Event: Pad 23 on [-3,75,5,275] was successfully imported.
            Event: Pad 24 on [-3,5,-2,275] was successfully imported.
            Event: Pad 25 on [-3,25,5,275] was successfully imported.
            Event: Pad 26 on [-3,-2,275] was successfully imported.
            Event: Pad 27 on [-2,75,5,275] was successfully imported.
            Event: Pad 28 on [-2,5,-2,275] was successfully imported.
            Event: Pad 29 on [-2,25,5,275] was successfully imported.
            Event: Pad 30 on [-2,-2,275] was successfully imported.
            Event: Pad 31 on [-1,75,5,275] was successfully imported.
            Event: Pad 32 on [-1,5,-2,275] was successfully imported.
            Event: Pad 33 on [-1,25,5,275] was successfully imported.
            Event: Pad 34 on [-1,-2,275] was successfully imported.
            Event: Pad 35 on [-0,75,5,275] was successfully imported.
            Event: Pad 36 on [-0,5,-2,275] was successfully imported.
            Event: Pad 37 on [-0,25,5,275] was successfully imported.
            Event: Pad 38 on [0,-2,275] was successfully imported.
            Event: Pad 39 on [0,25,5,275] was successfully imported.
            Event: Pad 40 on [0,5,-2,275] was successfully imported.
            Event: Pad 41 on [0,75,5,275] was successfully imported.
            Event: Pad 42 on [1,-2,275] was successfully imported.
            Event: Pad 43 on [1,25,5,275] was successfully imported.
            Event: Pad 44 on [1,5,-2,275] was successfully imported.
            Event: Pad 45 on [1,75,5,275] was successfully imported.
            Event: Pad 46 on [2,-2,275] was successfully imported.
            Event: Pad 47 on [2,25,5,275] was successfully imported.
            Event: Pad 48 on [2,5,-2,275] was successfully imported.
            Event: Pad 49 on [2,75,5,275] was successfully imported.
            Event: Pad 50 on [3,-2,275] was successfully imported.
            Event: Pad 51 on [3,25,5,275] was successfully imported.
            Event: Pad 52 on [3,5,-2,275] was successfully imported.
            Event: Pad 53 on [3,75,5,275] was successfully imported.
            Event: Pad 54 on [4,-2,275] was successfully imported.
            Event: Pad 55 on [4,25,5,275] was successfully imported.
            Event: Pad 56 on [4,5,-2,275] was successfully imported.
            Event: Pad 57 on [4,75,5,275] was successfully imported.
            Event: Pad 58 on [5,-2,275] was successfully imported.
            Event: Pad 67 on [7,25,5,275] was successfully imported.
            Event: Pad 68 on [7,5,-2,275] was successfully imported.
            Event: Pad 69 on [7,75,5,275] was successfully imported.
            Event: Pad 70 on [8,-2,275] was successfully imported.
            Event: Pad 71 on [8,25,5,275] was successfully imported.
            Event: Pad 72 on [8,5,-2,275] was successfully imported.
            Event: Pad 73 on [8,75,5,275] was successfully imported.
            Event: Pad 74 on [9,-2,275] was successfully imported.
            Event: Pad 75 on [9,25,5,275] was successfully imported.
            Event: Pad M1 on [0,-28,25] was successfully imported.
            Event: Pad M2 on [0,-40,25] was successfully imported.
            Event: Pad M3 on [0,-58,25] was successfully imported.
            Event: Pad M4 on [0,-78,25] was successfully imported.
            Event: Pad S1 on [-10,35,4,5] was successfully imported.
            Event: Pad S2 on [10,35,4,5] was successfully imported.
        EndSection
        Section : Component J17 importing.
            Error: Import is not implemented for: KiCadLib.PCB.PCBLine
            Event: Line with 2 vertices was successfully imported.
            Error: Import is not implemented for: KiCadLib.PCB.PCBLine
            Event: Line with 2 vertices was successfully imported.
            Error: Import is not implemented for: KiCadLib.PCB.PCBLine
            Event: Line with 2 vertices was successfully imported.
            Error: Import is not implemented for: KiCadLib.PCB.PCBLine
            Event: Line with 2 vertices was successfully imported.
            Error: Import is not implemented for: KiCadLib.PCB.PCBLine
            Event: Line with 2 vertices was successfully imported.
            Error: Import is not implemented for: KiCadLib.PCB.PCBLine
            Event: Line with 2 vertices was successfully imported.
            Error: Import is not implemented for: KiCadLib.PCB.PCBLine
            Event: Line with 2 vertices was successfully imported.
            Error: Import is not implemented for: KiCadLib.PCB.PCBLine
            Event: Line with 2 vertices was successfully imported.
            Error: Import is not implemented for: KiCadLib.PCB.PCBLine
            Event: Line with 2 vertices was successfully imported.
            Error: Import is not implemented for: KiCadLib.PCB.PCBLine
            Event: Line with 2 vertices was successfully imported.
            Error: Import is not implemented for: KiCadLib.PCB.PCBLine
            Event: Line with 2 vertices was successfully imported.
            Error: Import is not implemented for: KiCadLib.PCB.PCBLine
            Event: Line with 2 vertices was successfully imported.
            Error: Import is not implemented for: KiCadLib.PCB.PCBLine
            Event: Line with 2 vertices was successfully imported.
            Error: Import is not implemented for: KiCadLib.PCB.PCBLine
            Event: Line with 2 vertices was successfully imported.
            Event: Text 'user PCB Edge' was successfully imported.
            Event: Text 'user ${REFERENCE}' was successfully imported.
            Event: Pad Un1 on [-2,89,1,45] was successfully imported.
            Event: Pad Un2 on [2,89,1,45] was successfully imported.
            Event: Pad A1 on [-3,2,2,51] was successfully imported.
            Event: Pad A4 on [-2,4,2,51] was successfully imported.
            Event: Pad A5 on [-1,25,2,51] was successfully imported.
            Event: Pad A6 on [-0,25,2,51] was successfully imported.
            Event: Pad A7 on [0,25,2,51] was successfully imported.
            Event: Pad A8 on [1,25,2,51] was successfully imported.
            Event: Pad A9 on [2,4,2,51] was successfully imported.
            Event: Pad A12 on [3,2,2,51] was successfully imported.
            Event: Pad B1 on [3,2,2,51] was successfully imported.
            Event: Pad B4 on [2,4,2,51] was successfully imported.
            Event: Pad B5 on [1,75,2,51] was successfully imported.
            Event: Pad B6 on [0,75,2,51] was successfully imported.
            Event: Pad B7 on [-0,75,2,51] was successfully imported.
            Event: Pad B8 on [-1,75,2,51] was successfully imported.
            Event: Pad B9 on [-2,4,2,51] was successfully imported.
            Event: Pad B12 on [-3,2,2,51] was successfully imported.
            Event: Pad S1 on [-4,32,1,93] was successfully imported.
            Event: Pad S1 on [-4,32,-2,24] was successfully imported.
            Event: Pad S1 on [4,32,1,93] was successfully imported.
            Event: Pad S1 on [4,32,-2,24] was successfully imported.
        EndSection
        Section : Component J10 importing.
            Error: Import is not implemented for: KiCadLib.PCB.PCBLine
            Event: Line with 2 vertices was successfully imported.
            Error: Import is not implemented for: KiCadLib.PCB.PCBLine
            Event: Line with 2 vertices was successfully imported.
            Error: Import is not implemented for: KiCadLib.PCB.PCBLine
            Event: Line with 2 vertices was successfully imported.
            Error: Import is not implemented for: KiCadLib.PCB.PCBLine
            Event: Line with 2 vertices was successfully imported.
            Error: Import is not implemented for: KiCadLib.PCB.PCBLine
            Event: Line with 2 vertices was successfully imported.
            Error: Import is not implemented for: KiCadLib.PCB.PCBLine
            Event: Line with 2 vertices was successfully imported.
            Error: Import is not implemented for: KiCadLib.PCB.PCBLine
            Event: Line with 2 vertices was successfully imported.
            Event: Rect was successfully imported.
            Error: Import is not implemented for: KiCadLib.PCB.PCBLine
            Event: Line with 2 vertices was successfully imported.
            Error: Import is not implemented for: KiCadLib.PCB.PCBLine
            Event: Line with 2 vertices was successfully imported.
            Error: Import is not implemented for: KiCadLib.PCB.PCBLine
            Event: Line with 2 vertices was successfully imported.
            Error: Import is not implemented for: KiCadLib.PCB.PCBLine
            Event: Line with 2 vertices was successfully imported.
            Error: Import is not implemented for: KiCadLib.PCB.PCBLine
            Event: Line with 2 vertices was successfully imported.
            Error: Import is not implemented for: KiCadLib.PCB.PCBLine
            Event: Line with 2 vertices was successfully imported.
            Error: Import is not implemented for: KiCadLib.PCB.PCBLine
            Event: Line with 2 vertices was successfully imported.
            Error: Import is not implemented for: KiCadLib.PCB.PCBLine
            Event: Line with 2 vertices was successfully imported.
            Error: Import is not implemented for: KiCadLib.PCB.PCBLine
            Event: Line with 2 vertices was successfully imported.
            Error: Import is not implemented for: KiCadLib.PCB.PCBLine
            Event: Line with 2 vertices was successfully imported.
            Error: Import is not implemented for: KiCadLib.PCB.PCBLine
            Event: Line with 2 vertices was successfully imported.
            Event: Rect was successfully imported.
            Event: Pad 1 on [4,5,0,73] was successfully imported.
            Event: Pad 2 on [4,0,73] was successfully imported.
            Event: Pad 3 on [3,5,0,73] was successfully imported.
            Event: Pad 4 on [3,0,73] was successfully imported.
            Event: Pad 5 on [2,5,0,73] was successfully imported.
            Event: Pad 6 on [2,0,73] was successfully imported.
            Event: Pad 7 on [1,5,0,73] was successfully imported.
            Event: Pad 8 on [1,0,73] was successfully imported.
            Event: Pad 9 on [0,5,0,73] was successfully imported.
            Event: Pad 10 on [0,0,73] was successfully imported.
            Event: Pad 11 on [-0,5,0,73] was successfully imported.
            Event: Pad 12 on [-1,0,73] was successfully imported.
            Event: Pad 13 on [-1,5,0,73] was successfully imported.
            Event: Pad 14 on [-2,0,73] was successfully imported.
            Event: Pad 15 on [-2,5,0,73] was successfully imported.
            Event: Pad 16 on [-3,0,73] was successfully imported.
            Event: Pad 17 on [-3,5,0,73] was successfully imported.
            Event: Pad 18 on [-4,0,73] was successfully imported.
            Event: Pad 19 on [-4,5,0,73] was successfully imported.
            Event: Pad SH1 on [7,25,-0] was successfully imported.
            Event: Pad SH2 on [-7,25,-0] was successfully imported.
            Event: Pad SH3 on [-7,25,-5,96] was successfully imported.
            Event: Pad SH4 on [7,25,-5,96] was successfully imported.
        EndSection
        Section : Component U21 importing.
            Error: Import is not implemented for: KiCadLib.PCB.PCBLine
            Event: Line with 2 vertices was successfully imported.
            Error: Import is not implemented for: KiCadLib.PCB.PCBLine
            Event: Line with 2 vertices was successfully imported.
            Error: Import is not implemented for: KiCadLib.PCB.PCBLine
            Event: Line with 2 vertices was successfully imported.
            Error: Import is not implemented for: KiCadLib.PCB.PCBLine
            Event: Line with 2 vertices was successfully imported.
            Event: Graphical polygone with 4 vertices was successfully imported.
            Error: Import is not implemented for: KiCadLib.PCB.PCBLine
            Event: Line with 2 vertices was successfully imported.
            Error: Import is not implemented for: KiCadLib.PCB.PCBLine
            Event: Line with 2 vertices was successfully imported.
            Error: Import is not implemented for: KiCadLib.PCB.PCBLine
            Event: Line with 2 vertices was successfully imported.
            Error: Import is not implemented for: KiCadLib.PCB.PCBLine
            Event: Line with 2 vertices was successfully imported.
            Error: Import is not implemented for: KiCadLib.PCB.PCBLine
            Event: Line with 2 vertices was successfully imported.
            Error: Import is not implemented for: KiCadLib.PCB.PCBLine
            Event: Line with 2 vertices was successfully imported.
            Error: Import is not implemented for: KiCadLib.PCB.PCBLine
            Event: Line with 2 vertices was successfully imported.
            Error: Import is not implemented for: KiCadLib.PCB.PCBLine
            Event: Line with 2 vertices was successfully imported.
            Error: Import is not implemented for: KiCadLib.PCB.PCBLine
            Event: Line with 2 vertices was successfully imported.
            Event: Text 'user ${REFERENCE}' was successfully imported.
            Event: Pad 1 on [-2,1125,1] was successfully imported.
            Event: Pad 2 on [-2,1125,0,5] was successfully imported.
            Event: Pad 3 on [-2,1125,-0] was successfully imported.
            Event: Pad 4 on [-2,1125,-0,5] was successfully imported.
            Event: Pad 5 on [-2,1125,-1] was successfully imported.
            Event: Pad 6 on [2,1125,-1] was successfully imported.
            Event: Pad 7 on [2,1125,-0,5] was successfully imported.
            Event: Pad 8 on [2,1125,-0] was successfully imported.
            Event: Pad 9 on [2,1125,0,5] was successfully imported.
            Event: Pad 10 on [2,1125,1] was successfully imported.
        EndSection
        Section : Component M7 importing.
            Error: Import is not implemented for: KiCadLib.PCB.PCBLine
            Event: Line with 2 vertices was successfully imported.
            Error: Import is not implemented for: KiCadLib.PCB.PCBLine
            Event: Line with 2 vertices was successfully imported.
            Error: Import is not implemented for: KiCadLib.PCB.PCBLine
            Event: Line with 2 vertices was successfully imported.
            Error: Import is not implemented for: KiCadLib.PCB.PCBLine
            Event: Line with 2 vertices was successfully imported.
            Error: Import is not implemented for: KiCadLib.PCB.PCBLine
            Event: Line with 2 vertices was successfully imported.
            Error: Import is not implemented for: KiCadLib.PCB.PCBLine
            Event: Line with 2 vertices was successfully imported.
            Error: Import is not implemented for: KiCadLib.PCB.PCBLine
            Event: Line with 2 vertices was successfully imported.
            Error: Import is not implemented for: KiCadLib.PCB.PCBLine
            Event: Line with 2 vertices was successfully imported.
            Error: Import is not implemented for: KiCadLib.PCB.PCBLine
            Event: Line with 2 vertices was successfully imported.
            Error: Import is not implemented for: KiCadLib.PCB.PCBLine
            Event: Line with 2 vertices was successfully imported.
            Error: Import is not implemented for: KiCadLib.PCB.PCBLine
            Event: Line with 2 vertices was successfully imported.
            Error: Import is not implemented for: KiCadLib.PCB.PCBLine
            Event: Line with 2 vertices was successfully imported.
            Error: Import is not implemented for: KiCadLib.PCB.PCBLine
            Event: Line with 2 vertices was successfully imported.
            Error: Import is not implemented for: KiCadLib.PCB.PCBLine
            Event: Line with 2 vertices was successfully imported.
            Error: Import is not implemented for: KiCadLib.PCB.PCBLine
            Event: Line with 2 vertices was successfully imported.
            Error: Import is not implemented for: KiCadLib.PCB.PCBLine
            Event: Line with 2 vertices was successfully imported.
            Error: Import is not implemented for: KiCadLib.PCB.PCBLine
            Event: Line with 2 vertices was successfully imported.
            Error: Import is not implemented for: KiCadLib.PCB.PCBLine
            Event: Line with 2 vertices was successfully imported.
            Error: Import is not implemented for: KiCadLib.PCB.PCBLine
            Event: Line with 2 vertices was successfully imported.
            Error: Import is not implemented for: KiCadLib.PCB.PCBLine
            Event: Line with 2 vertices was successfully imported.
            Error: Import is not implemented for: KiCadLib.PCB.PCBLine
            Event: Line with 2 vertices was successfully imported.
            Error: Import is not implemented for: KiCadLib.PCB.PCBLine
            Event: Line with 2 vertices was successfully imported.
            Error: Import is not implemented for: KiCadLib.PCB.PCBLine
            Event: Line with 2 vertices was successfully imported.
            Error: Import is not implemented for: KiCadLib.PCB.PCBLine
            Event: Line with 2 vertices was successfully imported.
            Error: Import is not implemented for: KiCadLib.PCB.PCBLine
            Event: Line with 2 vertices was successfully imported.
            Event: Text 'user ${REFERENCE}' was successfully imported.
            Event: Pad 1 on [0,-0] was successfully imported.
            Event: Pad 2 on [2,5,-0] was successfully imported.
            Event: Pad 3 on [5,-0] was successfully imported.
            Event: Pad 4 on [7,5,-0] was successfully imported.
            Event: Pad 5 on [10,-0] was successfully imported.
            Event: Pad 6 on [12,5,-0] was successfully imported.
        EndSection
        Section : Component U27 importing.
            Error: Import is not implemented for: KiCadLib.PCB.PCBLine
            Event: Line with 2 vertices was successfully imported.
            Error: Import is not implemented for: KiCadLib.PCB.PCBLine
            Event: Line with 2 vertices was successfully imported.
            Error: Import is not implemented for: KiCadLib.PCB.PCBLine
            Event: Line with 2 vertices was successfully imported.
            Error: Import is not implemented for: KiCadLib.PCB.PCBLine
            Event: Line with 2 vertices was successfully imported.
            Event: Graphical polygone with 4 vertices was successfully imported.
            Event: Graphical polygone with 8 vertices was successfully imported.
            Error: Import is not implemented for: KiCadLib.PCB.PCBLine
            Event: Line with 2 vertices was successfully imported.
            Error: Import is not implemented for: KiCadLib.PCB.PCBLine
            Event: Line with 2 vertices was successfully imported.
            Error: Import is not implemented for: KiCadLib.PCB.PCBLine
            Event: Line with 2 vertices was successfully imported.
            Event: Rect was successfully imported.
            Event: Graphical polygone with 28 vertices was successfully imported.
            Event: Text 'user ${REFERENCE}' was successfully imported.
            Event: Pad 1 on [-8,75,5,26] was successfully imported.
            Event: Pad 2 on [-8,75,3,99] was successfully imported.
            Event: Pad 3 on [-8,75,2,72] was successfully imported.
            Event: Pad 4 on [-8,75,1,45] was successfully imported.
            Event: Pad 5 on [-8,75,0,18] was successfully imported.
            Event: Pad 6 on [-8,75,-1,09] was successfully imported.
            Event: Pad 7 on [-8,75,-2,36] was successfully imported.
            Event: Pad 8 on [-8,75,-3,63] was successfully imported.
            Event: Pad 9 on [-8,75,-4,9] was successfully imported.
            Event: Pad 10 on [-8,75,-6,17] was successfully imported.
            Event: Pad 11 on [-8,75,-7,44] was successfully imported.
            Event: Pad 12 on [-8,75,-8,71] was successfully imported.
            Event: Pad 13 on [-8,75,-9,98] was successfully imported.
            Event: Pad 14 on [-8,75,-11,25] was successfully imported.
            Event: Pad 15 on [-6,985,-12,5] was successfully imported.
            Event: Pad 16 on [-5,715,-12,5] was successfully imported.
            Event: Pad 17 on [-4,445,-12,5] was successfully imported.
            Event: Pad 18 on [-3,175,-12,5] was successfully imported.
            Event: Pad 19 on [-1,905,-12,5] was successfully imported.
            Event: Pad 20 on [-0,635,-12,5] was successfully imported.
            Event: Pad 21 on [0,635,-12,5] was successfully imported.
            Event: Pad 22 on [1,905,-12,5] was successfully imported.
            Event: Pad 23 on [3,175,-12,5] was successfully imported.
            Event: Pad 24 on [4,445,-12,5] was successfully imported.
            Event: Pad 25 on [5,715,-12,5] was successfully imported.
            Event: Pad 26 on [6,985,-12,5] was successfully imported.
            Event: Pad 27 on [8,75,-11,25] was successfully imported.
            Event: Pad 28 on [8,75,-9,98] was successfully imported.
            Event: Pad 29 on [8,75,-8,71] was successfully imported.
            Event: Pad 30 on [8,75,-7,44] was successfully imported.
            Event: Pad 31 on [8,75,-6,17] was successfully imported.
            Event: Pad 32 on [8,75,-4,9] was successfully imported.
            Event: Pad 33 on [8,75,-3,63] was successfully imported.
            Event: Pad 34 on [8,75,-2,36] was successfully imported.
            Event: Pad 35 on [8,75,-1,09] was successfully imported.
            Event: Pad 36 on [8,75,0,18] was successfully imported.
            Event: Pad 37 on [8,75,1,45] was successfully imported.
            Event: Pad 38 on [8,75,2,72] was successfully imported.
            Event: Pad 39 on [8,75,3,99] was successfully imported.
            Event: Pad 40 on [8,75,5,26] was successfully imported.
            Event: Pad 41 on [-2,86,1,41] was successfully imported.
            Event: Pad 41 on [-2,86,0,66] was successfully imported.
            Event: Pad 41 on [-2,86,-0,09] was successfully imported.
            Event: Pad 41 on [-2,86,-0,84] was successfully imported.
            Event: Pad 41 on [-2,86,-1,59] was successfully imported.
            Event: Pad 41 on [-2,11,1,41] was successfully imported.
            Event: Pad 41 on [-2,11,-0,09] was successfully imported.
            Event: Pad 41 on [-2,11,-1,59] was successfully imported.
            Event: Pad 41 on [-1,36,1,41] was successfully imported.
            Event: Pad 41 on [-1,36,0,66] was successfully imported.
            Event: Pad 41 on [-1,36,-0,09] was successfully imported.
            Event: Pad 41 on [-1,36,-0,84] was successfully imported.
            Event: Pad 41 on [-1,36,-1,59] was successfully imported.
            Event: Pad 41 on [-0,61,1,41] was successfully imported.
            Event: Pad 41 on [-0,61,-0,09] was successfully imported.
            Event: Pad 41 on [-0,61,-1,59] was successfully imported.
            Event: Pad 41 on [0,14,1,41] was successfully imported.
            Event: Pad 41 on [0,14,0,66] was successfully imported.
            Event: Pad 41 on [0,14,-0,09] was successfully imported.
            Event: Pad 41 on [0,14,-0,84] was successfully imported.
            Event: Pad 41 on [0,14,-1,59] was successfully imported.
        EndSection
        Section : Component M9 importing.
            Error: Import is not implemented for: KiCadLib.PCB.PCBLine
            Event: Line with 2 vertices was successfully imported.
            Error: Import is not implemented for: KiCadLib.PCB.PCBLine
            Event: Line with 2 vertices was successfully imported.
            Error: Import is not implemented for: KiCadLib.PCB.PCBLine
            Event: Line with 2 vertices was successfully imported.
            Error: Import is not implemented for: KiCadLib.PCB.PCBLine
            Event: Line with 2 vertices was successfully imported.
            Error: Import is not implemented for: KiCadLib.PCB.PCBLine
            Event: Line with 2 vertices was successfully imported.
            Error: Import is not implemented for: KiCadLib.PCB.PCBLine
            Event: Line with 2 vertices was successfully imported.
            Error: Import is not implemented for: KiCadLib.PCB.PCBLine
            Event: Line with 2 vertices was successfully imported.
            Error: Import is not implemented for: KiCadLib.PCB.PCBLine
            Event: Line with 2 vertices was successfully imported.
            Error: Import is not implemented for: KiCadLib.PCB.PCBLine
            Event: Line with 2 vertices was successfully imported.
            Error: Import is not implemented for: KiCadLib.PCB.PCBLine
            Event: Line with 2 vertices was successfully imported.
            Error: Import is not implemented for: KiCadLib.PCB.PCBLine
            Event: Line with 2 vertices was successfully imported.
            Error: Import is not implemented for: KiCadLib.PCB.PCBLine
            Event: Line with 2 vertices was successfully imported.
            Error: Import is not implemented for: KiCadLib.PCB.PCBLine
            Event: Line with 2 vertices was successfully imported.
            Error: Import is not implemented for: KiCadLib.PCB.PCBLine
            Event: Line with 2 vertices was successfully imported.
            Error: Import is not implemented for: KiCadLib.PCB.PCBLine
            Event: Line with 2 vertices was successfully imported.
            Error: Import is not implemented for: KiCadLib.PCB.PCBLine
            Event: Line with 2 vertices was successfully imported.
            Error: Import is not implemented for: KiCadLib.PCB.PCBLine
            Event: Line with 2 vertices was successfully imported.
            Error: Import is not implemented for: KiCadLib.PCB.PCBLine
            Event: Line with 2 vertices was successfully imported.
            Error: Import is not implemented for: KiCadLib.PCB.PCBLine
            Event: Line with 2 vertices was successfully imported.
            Error: Import is not implemented for: KiCadLib.PCB.PCBLine
            Event: Line with 2 vertices was successfully imported.
            Error: Import is not implemented for: KiCadLib.PCB.PCBLine
            Event: Line with 2 vertices was successfully imported.
            Error: Import is not implemented for: KiCadLib.PCB.PCBLine
            Event: Line with 2 vertices was successfully imported.
            Error: Import is not implemented for: KiCadLib.PCB.PCBLine
            Event: Line with 2 vertices was successfully imported.
            Error: Import is not implemented for: KiCadLib.PCB.PCBLine
            Event: Line with 2 vertices was successfully imported.
            Error: Import is not implemented for: KiCadLib.PCB.PCBLine
            Event: Line with 2 vertices was successfully imported.
            Event: Text 'user ${REFERENCE}' was successfully imported.
            Event: Pad 1 on [0,-0] was successfully imported.
            Event: Pad 2 on [2,5,-0] was successfully imported.
            Event: Pad 3 on [5,-0] was successfully imported.
            Event: Pad 4 on [7,5,-0] was successfully imported.
            Event: Pad 5 on [10,-0] was successfully imported.
            Event: Pad 6 on [12,5,-0] was successfully imported.
        EndSection
        Section : Component U43 importing.
            Error: Import is not implemented for: KiCadLib.PCB.PCBLine
            Event: Line with 2 vertices was successfully imported.
            Error: Import is not implemented for: KiCadLib.PCB.PCBLine
            Event: Line with 2 vertices was successfully imported.
            Error: Import is not implemented for: KiCadLib.PCB.PCBLine
            Event: Line with 2 vertices was successfully imported.
            Error: Import is not implemented for: KiCadLib.PCB.PCBLine
            Event: Line with 2 vertices was successfully imported.
            Event: Rect was successfully imported.
            Error: Import is not implemented for: KiCadLib.PCB.PCBLine
            Event: Line with 2 vertices was successfully imported.
            Error: Import is not implemented for: KiCadLib.PCB.PCBLine
            Event: Line with 2 vertices was successfully imported.
            Error: Import is not implemented for: KiCadLib.PCB.PCBLine
            Event: Line with 2 vertices was successfully imported.
            Error: Import is not implemented for: KiCadLib.PCB.PCBLine
            Event: Line with 2 vertices was successfully imported.
            Error: Import is not implemented for: KiCadLib.PCB.PCBLine
            Event: Line with 2 vertices was successfully imported.
            Error: Import is not implemented for: KiCadLib.PCB.PCBLine
            Event: Line with 2 vertices was successfully imported.
            Error: Import is not implemented for: KiCadLib.PCB.PCBLine
            Event: Line with 2 vertices was successfully imported.
            Error: Import is not implemented for: KiCadLib.PCB.PCBLine
            Event: Line with 2 vertices was successfully imported.
            Event: Rect was successfully imported.
            Event: Pad 1 on [-6,35,8,89] was successfully imported.
            Event: Pad 2 on [-6,35,6,35] was successfully imported.
            Event: Pad 3 on [-6,35,3,81] was successfully imported.
            Event: Pad 4 on [-6,35,1,27] was successfully imported.
            Event: Pad 5 on [-6,35,-1,27] was successfully imported.
            Event: Pad 6 on [-6,35,-3,81] was successfully imported.
            Event: Pad 7 on [-6,35,-6,35] was successfully imported.
            Event: Pad 8 on [-6,35,-8,89] was successfully imported.
            Event: Pad 9 on [6,35,8,89] was successfully imported.
            Event: Pad 10 on [6,35,6,35] was successfully imported.
            Event: Pad 11 on [6,35,3,81] was successfully imported.
            Event: Pad 12 on [6,35,1,27] was successfully imported.
            Event: Pad 13 on [6,35,-1,27] was successfully imported.
            Event: Pad 14 on [6,35,-3,81] was successfully imported.
            Event: Pad 15 on [6,35,-6,35] was successfully imported.
            Event: Pad 16 on [6,35,-8,89] was successfully imported.
            Event: Pad 17 on [1,27,-8,89] was successfully imported.
            Event: Pad 18 on [3,81,-8,89] was successfully imported.
        EndSection
        Section : Component J16 importing.
            Error: Import is not implemented for: KiCadLib.PCB.PCBLine
            Event: Line with 2 vertices was successfully imported.
            Error: Import is not implemented for: KiCadLib.PCB.PCBLine
            Event: Line with 2 vertices was successfully imported.
            Error: Import is not implemented for: KiCadLib.PCB.PCBLine
            Event: Line with 2 vertices was successfully imported.
            Error: Import is not implemented for: KiCadLib.PCB.PCBLine
            Event: Line with 2 vertices was successfully imported.
            Error: Import is not implemented for: KiCadLib.PCB.PCBLine
            Event: Line with 2 vertices was successfully imported.
            Error: Import is not implemented for: KiCadLib.PCB.PCBLine
            Event: Line with 2 vertices was successfully imported.
            Error: Import is not implemented for: KiCadLib.PCB.PCBLine
            Event: Line with 2 vertices was successfully imported.
            Error: Import is not implemented for: KiCadLib.PCB.PCBLine
            Event: Line with 2 vertices was successfully imported.
            Event: Rect was successfully imported.
            Error: Import is not implemented for: KiCadLib.PCB.PCBLine
            Event: Line with 2 vertices was successfully imported.
            Error: Import is not implemented for: KiCadLib.PCB.PCBLine
            Event: Line with 2 vertices was successfully imported.
            Error: Import is not implemented for: KiCadLib.PCB.PCBLine
            Event: Line with 2 vertices was successfully imported.
            Error: Import is not implemented for: KiCadLib.PCB.PCBLine
            Event: Line with 2 vertices was successfully imported.
            Error: Import is not implemented for: KiCadLib.PCB.PCBLine
            Event: Line with 2 vertices was successfully imported.
            Error: Import is not implemented for: KiCadLib.PCB.PCBLine
            Event: Line with 2 vertices was successfully imported.
            Error: Import is not implemented for: KiCadLib.PCB.PCBLine
            Event: Line with 2 vertices was successfully imported.
            Error: Import is not implemented for: KiCadLib.PCB.PCBLine
            Event: Line with 2 vertices was successfully imported.
            Error: Import is not implemented for: KiCadLib.PCB.PCBLine
            Event: Line with 2 vertices was successfully imported.
            Error: Import is not implemented for: KiCadLib.PCB.PCBLine
            Event: Line with 2 vertices was successfully imported.
            Error: Import is not implemented for: KiCadLib.PCB.PCBLine
            Event: Line with 2 vertices was successfully imported.
            Error: Import is not implemented for: KiCadLib.PCB.PCBLine
            Event: Line with 2 vertices was successfully imported.
            Error: Import is not implemented for: KiCadLib.PCB.PCBLine
            Event: Line with 2 vertices was successfully imported.
            Error: Import is not implemented for: KiCadLib.PCB.PCBLine
            Event: Line with 2 vertices was successfully imported.
            Error: Import is not implemented for: KiCadLib.PCB.PCBLine
            Event: Line with 2 vertices was successfully imported.
            Error: Import is not implemented for: KiCadLib.PCB.PCBLine
            Event: Line with 2 vertices was successfully imported.
            Error: Import is not implemented for: KiCadLib.PCB.PCBLine
            Event: Line with 2 vertices was successfully imported.
            Error: Import is not implemented for: KiCadLib.PCB.PCBLine
            Event: Line with 2 vertices was successfully imported.
            Error: Import is not implemented for: KiCadLib.PCB.PCBLine
            Event: Line with 2 vertices was successfully imported.
            Error: Import is not implemented for: KiCadLib.PCB.PCBLine
            Event: Line with 2 vertices was successfully imported.
            Event: Text 'user ${REFERENCE}' was successfully imported.
            Event: Pad 1 on [5,25,1,85] was successfully imported.
            Event: Pad 2 on [4,75,1,85] was successfully imported.
            Event: Pad 3 on [4,25,1,85] was successfully imported.
            Event: Pad 4 on [3,75,1,85] was successfully imported.
            Event: Pad 5 on [3,25,1,85] was successfully imported.
            Event: Pad 6 on [2,75,1,85] was successfully imported.
            Event: Pad 7 on [2,25,1,85] was successfully imported.
            Event: Pad 8 on [1,75,1,85] was successfully imported.
            Event: Pad 9 on [1,25,1,85] was successfully imported.
            Event: Pad 10 on [0,75,1,85] was successfully imported.
            Event: Pad 11 on [0,25,1,85] was successfully imported.
            Event: Pad 12 on [-0,25,1,85] was successfully imported.
            Event: Pad 13 on [-0,75,1,85] was successfully imported.
            Event: Pad 14 on [-1,25,1,85] was successfully imported.
            Event: Pad 15 on [-1,75,1,85] was successfully imported.
            Event: Pad 16 on [-2,25,1,85] was successfully imported.
            Event: Pad 17 on [-2,75,1,85] was successfully imported.
            Event: Pad 18 on [-3,25,1,85] was successfully imported.
            Event: Pad 19 on [-3,75,1,85] was successfully imported.
            Event: Pad 20 on [-4,25,1,85] was successfully imported.
            Event: Pad 21 on [-4,75,1,85] was successfully imported.
            Event: Pad 22 on [-5,25,1,85] was successfully imported.
            Event: Pad MP on [-7,15,-1,4] was successfully imported.
            Event: Pad MP on [7,15,-1,4] was successfully imported.
        EndSection
        Section : Component U42 importing.
            Error: Import is not implemented for: KiCadLib.PCB.PCBLine
            Event: Line with 2 vertices was successfully imported.
            Error: Import is not implemented for: KiCadLib.PCB.PCBLine
            Event: Line with 2 vertices was successfully imported.
            Error: Import is not implemented for: KiCadLib.PCB.PCBLine
            Event: Line with 2 vertices was successfully imported.
            Error: Import is not implemented for: KiCadLib.PCB.PCBLine
            Event: Line with 2 vertices was successfully imported.
            Event: Rect was successfully imported.
            Error: Import is not implemented for: KiCadLib.PCB.PCBLine
            Event: Line with 2 vertices was successfully imported.
            Error: Import is not implemented for: KiCadLib.PCB.PCBLine
            Event: Line with 2 vertices was successfully imported.
            Error: Import is not implemented for: KiCadLib.PCB.PCBLine
            Event: Line with 2 vertices was successfully imported.
            Error: Import is not implemented for: KiCadLib.PCB.PCBLine
            Event: Line with 2 vertices was successfully imported.
            Error: Import is not implemented for: KiCadLib.PCB.PCBLine
            Event: Line with 2 vertices was successfully imported.
            Error: Import is not implemented for: KiCadLib.PCB.PCBLine
            Event: Line with 2 vertices was successfully imported.
            Error: Import is not implemented for: KiCadLib.PCB.PCBLine
            Event: Line with 2 vertices was successfully imported.
            Error: Import is not implemented for: KiCadLib.PCB.PCBLine
            Event: Line with 2 vertices was successfully imported.
            Event: Rect was successfully imported.
            Event: Pad 1 on [-6,35,8,89] was successfully imported.
            Event: Pad 2 on [-6,35,6,35] was successfully imported.
            Event: Pad 3 on [-6,35,3,81] was successfully imported.
            Event: Pad 4 on [-6,35,1,27] was successfully imported.
            Event: Pad 5 on [-6,35,-1,27] was successfully imported.
            Event: Pad 6 on [-6,35,-3,81] was successfully imported.
            Event: Pad 7 on [-6,35,-6,35] was successfully imported.
            Event: Pad 8 on [-6,35,-8,89] was successfully imported.
            Event: Pad 9 on [6,35,8,89] was successfully imported.
            Event: Pad 10 on [6,35,6,35] was successfully imported.
            Event: Pad 11 on [6,35,3,81] was successfully imported.
            Event: Pad 12 on [6,35,1,27] was successfully imported.
            Event: Pad 13 on [6,35,-1,27] was successfully imported.
            Event: Pad 14 on [6,35,-3,81] was successfully imported.
            Event: Pad 15 on [6,35,-6,35] was successfully imported.
            Event: Pad 16 on [6,35,-8,89] was successfully imported.
            Event: Pad 17 on [1,27,-8,89] was successfully imported.
            Event: Pad 18 on [3,81,-8,89] was successfully imported.
        EndSection
        Section : Component Module1 importing.
            Error: Import is not implemented for: KiCadLib.PCB.PCBLine
            Event: Line with 2 vertices was successfully imported.
            Error: Import is not implemented for: KiCadLib.PCB.PCBLine
            Event: Line with 2 vertices was successfully imported.
            Error: Import is not implemented for: KiCadLib.PCB.PCBLine
            Event: Line with 2 vertices was successfully imported.
            Error: Import is not implemented for: KiCadLib.PCB.PCBLine
            Event: Line with 2 vertices was successfully imported.
            Error: Import is not implemented for: KiCadLib.PCB.PCBLine
            Event: Line with 2 vertices was successfully imported.
            Error: Import is not implemented for: KiCadLib.PCB.PCBLine
            Event: Line with 2 vertices was successfully imported.
            Error: Import is not implemented for: KiCadLib.PCB.PCBLine
            Event: Line with 2 vertices was successfully imported.
            Error: Import is not implemented for: KiCadLib.PCB.PCBLine
            Event: Line with 2 vertices was successfully imported.
            Error: Import is not implemented for: KiCadLib.PCB.PCBLine
            Event: Line with 2 vertices was successfully imported.
            Error: Import is not implemented for: KiCadLib.PCB.PCBLine
            Event: Line with 2 vertices was successfully imported.
            Error: Import is not implemented for: KiCadLib.PCB.PCBLine
            Event: Line with 2 vertices was successfully imported.
            Error: Import is not implemented for: KiCadLib.PCB.PCBLine
            Event: Line with 2 vertices was successfully imported.
            Error: Import is not implemented for: KiCadLib.PCB.PCBLine
            Event: Line with 2 vertices was successfully imported.
            Error: Import is not implemented for: KiCadLib.PCB.PCBLine
            Event: Line with 2 vertices was successfully imported.
            Error: Import is not implemented for: KiCadLib.PCB.PCBLine
            Event: Line with 2 vertices was successfully imported.
            Error: Import is not implemented for: KiCadLib.PCB.PCBLine
            Event: Line with 2 vertices was successfully imported.
            Error: Import is not implemented for: KiCadLib.PCB.PCBLine
            Event: Line with 1 vertices was successfully imported.
            Error: Import is not implemented for: KiCadLib.PCB.PCBLine
            Event: Line with 1 vertices was successfully imported.
            Error: Import is not implemented for: KiCadLib.PCB.PCBLine
            Event: Line with 1 vertices was successfully imported.
            Error: Import is not implemented for: KiCadLib.PCB.PCBLine
            Event: Line with 1 vertices was successfully imported.
            Error: Import is not implemented for: KiCadLib.PCB.PCBLine
            Event: Line with 2 vertices was successfully imported.
            Error: Import is not implemented for: KiCadLib.PCB.PCBLine
            Event: Line with 2 vertices was successfully imported.
            Error: Import is not implemented for: KiCadLib.PCB.PCBLine
            Event: Line with 2 vertices was successfully imported.
            Error: Import is not implemented for: KiCadLib.PCB.PCBLine
            Event: Line with 2 vertices was successfully imported.
            Error: Import is not implemented for: KiCadLib.PCB.PCBLine
            Event: Line with 2 vertices was successfully imported.
            Error: Import is not implemented for: KiCadLib.PCB.PCBLine
            Event: Line with 2 vertices was successfully imported.
            Error: Import is not implemented for: KiCadLib.PCB.PCBLine
            Event: Line with 2 vertices was successfully imported.
            Error: Import is not implemented for: KiCadLib.PCB.PCBLine
            Event: Line with 2 vertices was successfully imported.
            Event: Pad Un1 on [0,48] was successfully imported.
            Event: Pad Un2 on [0,-0] was successfully imported.
            Event: Pad Un3 on [33,48] was successfully imported.
            Event: Pad Un4 on [33,-0] was successfully imported.
            Event: Pad 1 on [-2,04,31,3] was successfully imported.
            Event: Pad 2 on [1,04,31,3] was successfully imported.
            Event: Pad 3 on [-2,04,30,9] was successfully imported.
            Event: Pad 4 on [1,04,30,9] was successfully imported.
            Event: Pad 5 on [-2,04,30,5] was successfully imported.
            Event: Pad 6 on [1,04,30,5] was successfully imported.
            Event: Pad 7 on [-2,04,30,1] was successfully imported.
            Event: Pad 8 on [1,04,30,1] was successfully imported.
            Event: Pad 9 on [-2,04,29,7] was successfully imported.
            Event: Pad 10 on [1,04,29,7] was successfully imported.
            Event: Pad 11 on [-2,04,29,3] was successfully imported.
            Event: Pad 12 on [1,04,29,3] was successfully imported.
            Event: Pad 13 on [-2,04,28,9] was successfully imported.
            Event: Pad 14 on [1,04,28,9] was successfully imported.
            Event: Pad 15 on [-2,04,28,5] was successfully imported.
            Event: Pad 16 on [1,04,28,5] was successfully imported.
            Event: Pad 17 on [-2,04,28,1] was successfully imported.
            Event: Pad 18 on [1,04,28,1] was successfully imported.
            Event: Pad 19 on [-2,04,27,7] was successfully imported.
            Event: Pad 20 on [1,04,27,7] was successfully imported.
            Event: Pad 21 on [-2,04,27,3] was successfully imported.
            Event: Pad 22 on [1,04,27,3] was successfully imported.
            Event: Pad 23 on [-2,04,26,9] was successfully imported.
            Event: Pad 24 on [1,04,26,9] was successfully imported.
            Event: Pad 25 on [-2,04,26,5] was successfully imported.
            Event: Pad 26 on [1,04,26,5] was successfully imported.
            Event: Pad 27 on [-2,04,26,1] was successfully imported.
            Event: Pad 28 on [1,04,26,1] was successfully imported.
            Event: Pad 29 on [-2,04,25,7] was successfully imported.
            Event: Pad 30 on [1,04,25,7] was successfully imported.
            Event: Pad 31 on [-2,04,25,3] was successfully imported.
            Event: Pad 32 on [1,04,25,3] was successfully imported.
            Event: Pad 33 on [-2,04,24,9] was successfully imported.
            Event: Pad 34 on [1,04,24,9] was successfully imported.
            Event: Pad 35 on [-2,04,24,5] was successfully imported.
            Event: Pad 36 on [1,04,24,5] was successfully imported.
            Event: Pad 37 on [-2,04,24,1] was successfully imported.
            Event: Pad 38 on [1,04,24,1] was successfully imported.
            Event: Pad 39 on [-2,04,23,7] was successfully imported.
            Event: Pad 40 on [1,04,23,7] was successfully imported.
            Event: Pad 41 on [-2,04,23,3] was successfully imported.
            Event: Pad 42 on [1,04,23,3] was successfully imported.
            Event: Pad 43 on [-2,04,22,9] was successfully imported.
            Event: Pad 44 on [1,04,22,9] was successfully imported.
            Event: Pad 45 on [-2,04,22,5] was successfully imported.
            Event: Pad 46 on [1,04,22,5] was successfully imported.
            Event: Pad 47 on [-2,04,22,1] was successfully imported.
            Event: Pad 48 on [1,04,22,1] was successfully imported.
            Event: Pad 49 on [-2,04,21,7] was successfully imported.
            Event: Pad 50 on [1,04,21,7] was successfully imported.
            Event: Pad 51 on [-2,04,21,3] was successfully imported.
            Event: Pad 52 on [1,04,21,3] was successfully imported.
            Event: Pad 53 on [-2,04,20,9] was successfully imported.
            Event: Pad 54 on [1,04,20,9] was successfully imported.
            Event: Pad 55 on [-2,04,20,5] was successfully imported.
            Event: Pad 56 on [1,04,20,5] was successfully imported.
            Event: Pad 57 on [-2,04,20,1] was successfully imported.
            Event: Pad 58 on [1,04,20,1] was successfully imported.
            Event: Pad 59 on [-2,04,19,7] was successfully imported.
            Event: Pad 60 on [1,04,19,7] was successfully imported.
            Event: Pad 61 on [-2,04,19,3] was successfully imported.
            Event: Pad 62 on [1,04,19,3] was successfully imported.
            Event: Pad 63 on [-2,04,18,9] was successfully imported.
            Event: Pad 64 on [1,04,18,9] was successfully imported.
            Event: Pad 65 on [-2,04,18,5] was successfully imported.
            Event: Pad 66 on [1,04,18,5] was successfully imported.
            Event: Pad 67 on [-2,04,18,1] was successfully imported.
            Event: Pad 68 on [1,04,18,1] was successfully imported.
            Event: Pad 69 on [-2,04,17,7] was successfully imported.
            Event: Pad 70 on [1,04,17,7] was successfully imported.
            Event: Pad 71 on [-2,04,17,3] was successfully imported.
            Event: Pad 72 on [1,04,17,3] was successfully imported.
            Event: Pad 73 on [-2,04,16,9] was successfully imported.
            Event: Pad 74 on [1,04,16,9] was successfully imported.
            Event: Pad 75 on [-2,04,16,5] was successfully imported.
            Event: Pad 76 on [1,04,16,5] was successfully imported.
            Event: Pad 77 on [-2,04,16,1] was successfully imported.
            Event: Pad 78 on [1,04,16,1] was successfully imported.
            Event: Pad 79 on [-2,04,15,7] was successfully imported.
            Event: Pad 80 on [1,04,15,7] was successfully imported.
            Event: Pad 81 on [-2,04,15,3] was successfully imported.
            Event: Pad 82 on [1,04,15,3] was successfully imported.
            Event: Pad 83 on [-2,04,14,9] was successfully imported.
            Event: Pad 84 on [1,04,14,9] was successfully imported.
            Event: Pad 85 on [-2,04,14,5] was successfully imported.
            Event: Pad 86 on [1,04,14,5] was successfully imported.
            Event: Pad 87 on [-2,04,14,1] was successfully imported.
            Event: Pad 88 on [1,04,14,1] was successfully imported.
            Event: Pad 89 on [-2,04,13,7] was successfully imported.
            Event: Pad 90 on [1,04,13,7] was successfully imported.
            Event: Pad 91 on [-2,04,13,3] was successfully imported.
            Event: Pad 92 on [1,04,13,3] was successfully imported.
            Event: Pad 93 on [-2,04,12,9] was successfully imported.
            Event: Pad 94 on [1,04,12,9] was successfully imported.
            Event: Pad 95 on [-2,04,12,5] was successfully imported.
            Event: Pad 96 on [1,04,12,5] was successfully imported.
            Event: Pad 97 on [-2,04,12,1] was successfully imported.
            Event: Pad 98 on [1,04,12,1] was successfully imported.
            Event: Pad 99 on [-2,04,11,7] was successfully imported.
            Event: Pad 100 on [1,04,11,7] was successfully imported.
            Event: Pad 101 on [31,96,31,3] was successfully imported.
            Event: Pad 102 on [35,04,31,3] was successfully imported.
            Event: Pad 103 on [31,96,30,9] was successfully imported.
            Event: Pad 104 on [35,04,30,9] was successfully imported.
            Event: Pad 105 on [31,96,30,5] was successfully imported.
            Event: Pad 106 on [35,04,30,5] was successfully imported.
            Event: Pad 107 on [31,96,30,1] was successfully imported.
            Event: Pad 108 on [35,04,30,1] was successfully imported.
            Event: Pad 109 on [31,96,29,7] was successfully imported.
            Event: Pad 110 on [35,04,29,7] was successfully imported.
            Event: Pad 111 on [31,96,29,3] was successfully imported.
            Event: Pad 112 on [35,04,29,3] was successfully imported.
            Event: Pad 113 on [31,96,28,9] was successfully imported.
            Event: Pad 114 on [35,04,28,9] was successfully imported.
            Event: Pad 115 on [31,96,28,5] was successfully imported.
            Event: Pad 116 on [35,04,28,5] was successfully imported.
            Event: Pad 117 on [31,96,28,1] was successfully imported.
            Event: Pad 118 on [35,04,28,1] was successfully imported.
            Event: Pad 119 on [31,96,27,7] was successfully imported.
            Event: Pad 120 on [35,04,27,7] was successfully imported.
            Event: Pad 121 on [31,96,27,3] was successfully imported.
            Event: Pad 122 on [35,04,27,3] was successfully imported.
            Event: Pad 123 on [31,96,26,9] was successfully imported.
            Event: Pad 124 on [35,04,26,9] was successfully imported.
            Event: Pad 125 on [31,96,26,5] was successfully imported.
            Event: Pad 126 on [35,04,26,5] was successfully imported.
            Event: Pad 127 on [31,96,26,1] was successfully imported.
            Event: Pad 128 on [35,04,26,1] was successfully imported.
            Event: Pad 129 on [31,96,25,7] was successfully imported.
            Event: Pad 130 on [35,04,25,7] was successfully imported.
            Event: Pad 131 on [31,96,25,3] was successfully imported.
            Event: Pad 132 on [35,04,25,3] was successfully imported.
            Event: Pad 133 on [31,96,24,9] was successfully imported.
            Event: Pad 134 on [35,04,24,9] was successfully imported.
            Event: Pad 135 on [31,96,24,5] was successfully imported.
            Event: Pad 136 on [35,04,24,5] was successfully imported.
            Event: Pad 137 on [31,96,24,1] was successfully imported.
            Event: Pad 138 on [35,04,24,1] was successfully imported.
            Event: Pad 139 on [31,96,23,7] was successfully imported.
            Event: Pad 140 on [35,04,23,7] was successfully imported.
            Event: Pad 141 on [31,96,23,3] was successfully imported.
            Event: Pad 142 on [35,04,23,3] was successfully imported.
            Event: Pad 143 on [31,96,22,9] was successfully imported.
            Event: Pad 144 on [35,04,22,9] was successfully imported.
            Event: Pad 145 on [31,96,22,5] was successfully imported.
            Event: Pad 146 on [35,04,22,5] was successfully imported.
            Event: Pad 147 on [31,96,22,1] was successfully imported.
            Event: Pad 148 on [35,04,22,1] was successfully imported.
            Event: Pad 149 on [31,96,21,7] was successfully imported.
            Event: Pad 150 on [35,04,21,7] was successfully imported.
            Event: Pad 151 on [31,96,21,3] was successfully imported.
            Event: Pad 152 on [35,04,21,3] was successfully imported.
            Event: Pad 153 on [31,96,20,9] was successfully imported.
            Event: Pad 154 on [35,04,20,9] was successfully imported.
            Event: Pad 155 on [31,96,20,5] was successfully imported.
            Event: Pad 156 on [35,04,20,5] was successfully imported.
            Event: Pad 157 on [31,96,20,1] was successfully imported.
            Event: Pad 158 on [35,04,20,1] was successfully imported.
            Event: Pad 159 on [31,96,19,7] was successfully imported.
            Event: Pad 160 on [35,04,19,7] was successfully imported.
            Event: Pad 161 on [31,96,19,3] was successfully imported.
            Event: Pad 162 on [35,04,19,3] was successfully imported.
            Event: Pad 163 on [31,96,18,9] was successfully imported.
            Event: Pad 164 on [35,04,18,9] was successfully imported.
            Event: Pad 165 on [31,96,18,5] was successfully imported.
            Event: Pad 166 on [35,04,18,5] was successfully imported.
            Event: Pad 167 on [31,96,18,1] was successfully imported.
            Event: Pad 168 on [35,04,18,1] was successfully imported.
            Event: Pad 169 on [31,96,17,7] was successfully imported.
            Event: Pad 170 on [35,04,17,7] was successfully imported.
            Event: Pad 171 on [31,96,17,3] was successfully imported.
            Event: Pad 172 on [35,04,17,3] was successfully imported.
            Event: Pad 173 on [31,96,16,9] was successfully imported.
            Event: Pad 174 on [35,04,16,9] was successfully imported.
            Event: Pad 175 on [31,96,16,5] was successfully imported.
            Event: Pad 176 on [35,04,16,5] was successfully imported.
            Event: Pad 177 on [31,96,16,1] was successfully imported.
            Event: Pad 178 on [35,04,16,1] was successfully imported.
            Event: Pad 179 on [31,96,15,7] was successfully imported.
            Event: Pad 180 on [35,04,15,7] was successfully imported.
            Event: Pad 181 on [31,96,15,3] was successfully imported.
            Event: Pad 182 on [35,04,15,3] was successfully imported.
            Event: Pad 183 on [31,96,14,9] was successfully imported.
            Event: Pad 184 on [35,04,14,9] was successfully imported.
            Event: Pad 185 on [31,96,14,5] was successfully imported.
            Event: Pad 186 on [35,04,14,5] was successfully imported.
            Event: Pad 187 on [31,96,14,1] was successfully imported.
            Event: Pad 188 on [35,04,14,1] was successfully imported.
            Event: Pad 189 on [31,96,13,7] was successfully imported.
            Event: Pad 190 on [35,04,13,7] was successfully imported.
            Event: Pad 191 on [31,96,13,3] was successfully imported.
            Event: Pad 192 on [35,04,13,3] was successfully imported.
            Event: Pad 193 on [31,96,12,9] was successfully imported.
            Event: Pad 194 on [35,04,12,9] was successfully imported.
            Event: Pad 195 on [31,96,12,5] was successfully imported.
            Event: Pad 196 on [35,04,12,5] was successfully imported.
            Event: Pad 197 on [31,96,12,1] was successfully imported.
            Event: Pad 198 on [35,04,12,1] was successfully imported.
            Event: Pad 199 on [31,96,11,7] was successfully imported.
            Event: Pad 200 on [35,04,11,7] was successfully imported.
        EndSection
        Section : Component J18 importing.
            Error: Import is not implemented for: KiCadLib.PCB.PCBLine
            Event: Line with 2 vertices was successfully imported.
            Error: Import is not implemented for: KiCadLib.PCB.PCBLine
            Event: Line with 2 vertices was successfully imported.
            Error: Import is not implemented for: KiCadLib.PCB.PCBLine
            Event: Line with 2 vertices was successfully imported.
            Error: Import is not implemented for: KiCadLib.PCB.PCBLine
            Event: Line with 2 vertices was successfully imported.
            Error: Import is not implemented for: KiCadLib.PCB.PCBLine
            Event: Line with 2 vertices was successfully imported.
            Error: Import is not implemented for: KiCadLib.PCB.PCBLine
            Event: Line with 2 vertices was successfully imported.
            Error: Import is not implemented for: KiCadLib.PCB.PCBLine
            Event: Line with 2 vertices was successfully imported.
            Error: Import is not implemented for: KiCadLib.PCB.PCBLine
            Event: Line with 2 vertices was successfully imported.
            Error: Import is not implemented for: KiCadLib.PCB.PCBLine
            Event: Line with 2 vertices was successfully imported.
            Error: Import is not implemented for: KiCadLib.PCB.PCBLine
            Event: Line with 2 vertices was successfully imported.
            Error: Import is not implemented for: KiCadLib.PCB.PCBLine
            Event: Line with 2 vertices was successfully imported.
            Error: Import is not implemented for: KiCadLib.PCB.PCBLine
            Event: Line with 2 vertices was successfully imported.
            Error: Import is not implemented for: KiCadLib.PCB.PCBLine
            Event: Line with 2 vertices was successfully imported.
            Error: Import is not implemented for: KiCadLib.PCB.PCBLine
            Event: Line with 2 vertices was successfully imported.
            Error: Import is not implemented for: KiCadLib.PCB.PCBLine
            Event: Line with 2 vertices was successfully imported.
            Error: Import is not implemented for: KiCadLib.PCB.PCBLine
            Event: Line with 2 vertices was successfully imported.
            Error: Import is not implemented for: KiCadLib.PCB.PCBLine
            Event: Line with 2 vertices was successfully imported.
            Error: Import is not implemented for: KiCadLib.PCB.PCBLine
            Event: Line with 2 vertices was successfully imported.
            Error: Import is not implemented for: KiCadLib.PCB.PCBLine
            Event: Line with 2 vertices was successfully imported.
            Error: Import is not implemented for: KiCadLib.PCB.PCBLine
            Event: Line with 2 vertices was successfully imported.
            Event: Pad 1 on [-3,5,5,33] was successfully imported.
            Event: Pad 2 on [-1,5,33] was successfully imported.
            Event: Pad 3 on [1,5,33] was successfully imported.
            Event: Pad 4 on [3,5,5,33] was successfully imported.
            Event: Pad 5 on [-3,5,2,71] was successfully imported.
            Event: Pad 6 on [-1,2,71] was successfully imported.
            Event: Pad 7 on [1,2,71] was successfully imported.
            Event: Pad 8 on [3,5,2,71] was successfully imported.
            Event: Pad MT1 on [-6,57,-0] was successfully imported.
            Event: Pad MT2 on [6,57,-0] was successfully imported.
            Event: Pad MT3 on [-6,57,5,68] was successfully imported.
            Event: Pad MT4 on [6,57,5,68] was successfully imported.
        EndSection
        Section : Component M8 importing.
            Error: Import is not implemented for: KiCadLib.PCB.PCBLine
            Event: Line with 2 vertices was successfully imported.
            Error: Import is not implemented for: KiCadLib.PCB.PCBLine
            Event: Line with 2 vertices was successfully imported.
            Error: Import is not implemented for: KiCadLib.PCB.PCBLine
            Event: Line with 2 vertices was successfully imported.
            Error: Import is not implemented for: KiCadLib.PCB.PCBLine
            Event: Line with 2 vertices was successfully imported.
            Error: Import is not implemented for: KiCadLib.PCB.PCBLine
            Event: Line with 2 vertices was successfully imported.
            Error: Import is not implemented for: KiCadLib.PCB.PCBLine
            Event: Line with 2 vertices was successfully imported.
            Error: Import is not implemented for: KiCadLib.PCB.PCBLine
            Event: Line with 2 vertices was successfully imported.
            Error: Import is not implemented for: KiCadLib.PCB.PCBLine
            Event: Line with 2 vertices was successfully imported.
            Error: Import is not implemented for: KiCadLib.PCB.PCBLine
            Event: Line with 2 vertices was successfully imported.
            Error: Import is not implemented for: KiCadLib.PCB.PCBLine
            Event: Line with 2 vertices was successfully imported.
            Error: Import is not implemented for: KiCadLib.PCB.PCBLine
            Event: Line with 2 vertices was successfully imported.
            Error: Import is not implemented for: KiCadLib.PCB.PCBLine
            Event: Line with 2 vertices was successfully imported.
            Error: Import is not implemented for: KiCadLib.PCB.PCBLine
            Event: Line with 2 vertices was successfully imported.
            Error: Import is not implemented for: KiCadLib.PCB.PCBLine
            Event: Line with 2 vertices was successfully imported.
            Error: Import is not implemented for: KiCadLib.PCB.PCBLine
            Event: Line with 2 vertices was successfully imported.
            Error: Import is not implemented for: KiCadLib.PCB.PCBLine
            Event: Line with 2 vertices was successfully imported.
            Error: Import is not implemented for: KiCadLib.PCB.PCBLine
            Event: Line with 2 vertices was successfully imported.
            Error: Import is not implemented for: KiCadLib.PCB.PCBLine
            Event: Line with 2 vertices was successfully imported.
            Error: Import is not implemented for: KiCadLib.PCB.PCBLine
            Event: Line with 2 vertices was successfully imported.
            Error: Import is not implemented for: KiCadLib.PCB.PCBLine
            Event: Line with 2 vertices was successfully imported.
            Error: Import is not implemented for: KiCadLib.PCB.PCBLine
            Event: Line with 2 vertices was successfully imported.
            Error: Import is not implemented for: KiCadLib.PCB.PCBLine
            Event: Line with 2 vertices was successfully imported.
            Error: Import is not implemented for: KiCadLib.PCB.PCBLine
            Event: Line with 2 vertices was successfully imported.
            Error: Import is not implemented for: KiCadLib.PCB.PCBLine
            Event: Line with 2 vertices was successfully imported.
            Error: Import is not implemented for: KiCadLib.PCB.PCBLine
            Event: Line with 2 vertices was successfully imported.
            Event: Text 'user ${REFERENCE}' was successfully imported.
            Event: Pad 1 on [0,-0] was successfully imported.
            Event: Pad 2 on [2,5,-0] was successfully imported.
            Event: Pad 3 on [5,-0] was successfully imported.
            Event: Pad 4 on [7,5,-0] was successfully imported.
            Event: Pad 5 on [10,-0] was successfully imported.
            Event: Pad 6 on [12,5,-0] was successfully imported.
        EndSection
        Section : Component U44 importing.
            Error: Import is not implemented for: KiCadLib.PCB.PCBLine
            Event: Line with 2 vertices was successfully imported.
            Error: Import is not implemented for: KiCadLib.PCB.PCBLine
            Event: Line with 2 vertices was successfully imported.
            Error: Import is not implemented for: KiCadLib.PCB.PCBLine
            Event: Line with 2 vertices was successfully imported.
            Error: Import is not implemented for: KiCadLib.PCB.PCBLine
            Event: Line with 2 vertices was successfully imported.
            Event: Rect was successfully imported.
            Error: Import is not implemented for: KiCadLib.PCB.PCBLine
            Event: Line with 2 vertices was successfully imported.
            Error: Import is not implemented for: KiCadLib.PCB.PCBLine
            Event: Line with 2 vertices was successfully imported.
            Error: Import is not implemented for: KiCadLib.PCB.PCBLine
            Event: Line with 2 vertices was successfully imported.
            Error: Import is not implemented for: KiCadLib.PCB.PCBLine
            Event: Line with 2 vertices was successfully imported.
            Error: Import is not implemented for: KiCadLib.PCB.PCBLine
            Event: Line with 2 vertices was successfully imported.
            Error: Import is not implemented for: KiCadLib.PCB.PCBLine
            Event: Line with 2 vertices was successfully imported.
            Error: Import is not implemented for: KiCadLib.PCB.PCBLine
            Event: Line with 2 vertices was successfully imported.
            Error: Import is not implemented for: KiCadLib.PCB.PCBLine
            Event: Line with 2 vertices was successfully imported.
            Event: Rect was successfully imported.
            Event: Pad 1 on [-6,35,8,89] was successfully imported.
            Event: Pad 2 on [-6,35,6,35] was successfully imported.
            Event: Pad 3 on [-6,35,3,81] was successfully imported.
            Event: Pad 4 on [-6,35,1,27] was successfully imported.
            Event: Pad 5 on [-6,35,-1,27] was successfully imported.
            Event: Pad 6 on [-6,35,-3,81] was successfully imported.
            Event: Pad 7 on [-6,35,-6,35] was successfully imported.
            Event: Pad 8 on [-6,35,-8,89] was successfully imported.
            Event: Pad 9 on [6,35,8,89] was successfully imported.
            Event: Pad 10 on [6,35,6,35] was successfully imported.
            Event: Pad 11 on [6,35,3,81] was successfully imported.
            Event: Pad 12 on [6,35,1,27] was successfully imported.
            Event: Pad 13 on [6,35,-1,27] was successfully imported.
            Event: Pad 14 on [6,35,-3,81] was successfully imported.
            Event: Pad 15 on [6,35,-6,35] was successfully imported.
            Event: Pad 16 on [6,35,-8,89] was successfully imported.
            Event: Pad 17 on [1,27,-8,89] was successfully imported.
            Event: Pad 18 on [3,81,-8,89] was successfully imported.
        EndSection
        Section : Component U17 importing.
            Error: Import is not implemented for: KiCadLib.PCB.PCBLine
            Event: Line with 2 vertices was successfully imported.
            Error: Import is not implemented for: KiCadLib.PCB.PCBLine
            Event: Line with 2 vertices was successfully imported.
            Error: Import is not implemented for: KiCadLib.PCB.PCBLine
            Event: Line with 2 vertices was successfully imported.
            Error: Import is not implemented for: KiCadLib.PCB.PCBLine
            Event: Line with 2 vertices was successfully imported.
            Event: Graphical polygone with 4 vertices was successfully imported.
            Error: Import is not implemented for: KiCadLib.PCB.PCBLine
            Event: Line with 2 vertices was successfully imported.
            Error: Import is not implemented for: KiCadLib.PCB.PCBLine
            Event: Line with 2 vertices was successfully imported.
            Error: Import is not implemented for: KiCadLib.PCB.PCBLine
            Event: Line with 2 vertices was successfully imported.
            Error: Import is not implemented for: KiCadLib.PCB.PCBLine
            Event: Line with 2 vertices was successfully imported.
            Error: Import is not implemented for: KiCadLib.PCB.PCBLine
            Event: Line with 2 vertices was successfully imported.
            Error: Import is not implemented for: KiCadLib.PCB.PCBLine
            Event: Line with 2 vertices was successfully imported.
            Error: Import is not implemented for: KiCadLib.PCB.PCBLine
            Event: Line with 2 vertices was successfully imported.
            Error: Import is not implemented for: KiCadLib.PCB.PCBLine
            Event: Line with 2 vertices was successfully imported.
            Error: Import is not implemented for: KiCadLib.PCB.PCBLine
            Event: Line with 2 vertices was successfully imported.
            Event: Text 'user ${REFERENCE}' was successfully imported.
            Event: Pad 1 on [-2,1125,1] was successfully imported.
            Event: Pad 2 on [-2,1125,0,5] was successfully imported.
            Event: Pad 3 on [-2,1125,-0] was successfully imported.
            Event: Pad 4 on [-2,1125,-0,5] was successfully imported.
            Event: Pad 5 on [-2,1125,-1] was successfully imported.
            Event: Pad 6 on [2,1125,-1] was successfully imported.
            Event: Pad 7 on [2,1125,-0,5] was successfully imported.
            Event: Pad 8 on [2,1125,-0] was successfully imported.
            Event: Pad 9 on [2,1125,0,5] was successfully imported.
            Event: Pad 10 on [2,1125,1] was successfully imported.
        EndSection
        Section : Component FB1 importing.
            Error: Import is not implemented for: KiCadLib.PCB.PCBLine
            Event: Line with 2 vertices was successfully imported.
            Error: Import is not implemented for: KiCadLib.PCB.PCBLine
            Event: Line with 2 vertices was successfully imported.
            Error: Import is not implemented for: KiCadLib.PCB.PCBLine
            Event: Line with 2 vertices was successfully imported.
            Error: Import is not implemented for: KiCadLib.PCB.PCBLine
            Event: Line with 2 vertices was successfully imported.
            Error: Import is not implemented for: KiCadLib.PCB.PCBLine
            Event: Line with 2 vertices was successfully imported.
            Error: Import is not implemented for: KiCadLib.PCB.PCBLine
            Event: Line with 2 vertices was successfully imported.
            Error: Import is not implemented for: KiCadLib.PCB.PCBLine
            Event: Line with 2 vertices was successfully imported.
            Error: Import is not implemented for: KiCadLib.PCB.PCBLine
            Event: Line with 2 vertices was successfully imported.
            Error: Import is not implemented for: KiCadLib.PCB.PCBLine
            Event: Line with 2 vertices was successfully imported.
            Error: Import is not implemented for: KiCadLib.PCB.PCBLine
            Event: Line with 2 vertices was successfully imported.
            Event: Text 'user ${REFERENCE}' was successfully imported.
            Event: Pad 1 on [-2,1375,-0] was successfully imported.
            Event: Pad 2 on [2,1375,-0] was successfully imported.
        EndSection
        Section : Component J12 importing.
            Error: Import is not implemented for: KiCadLib.PCB.PCBLine
            Event: Line with 2 vertices was successfully imported.
            Error: Import is not implemented for: KiCadLib.PCB.PCBLine
            Event: Line with 2 vertices was successfully imported.
            Error: Import is not implemented for: KiCadLib.PCB.PCBLine
            Event: Line with 2 vertices was successfully imported.
            Error: Import is not implemented for: KiCadLib.PCB.PCBLine
            Event: Line with 2 vertices was successfully imported.
            Error: Import is not implemented for: KiCadLib.PCB.PCBLine
            Event: Line with 2 vertices was successfully imported.
            Error: Import is not implemented for: KiCadLib.PCB.PCBLine
            Event: Line with 2 vertices was successfully imported.
            Error: Import is not implemented for: KiCadLib.PCB.PCBLine
            Event: Line with 2 vertices was successfully imported.
            Error: Import is not implemented for: KiCadLib.PCB.PCBLine
            Event: Line with 2 vertices was successfully imported.
            Event: Text 'user ${REFERENCE}' was successfully imported.
            Event: Pad 10 on [-6,57,5,68] was successfully imported.
            Event: Pad 10 on [-6,57,-0] was successfully imported.
            Event: Pad 10 on [6,57,5,68] was successfully imported.
            Event: Pad 10 on [6,57,-0] was successfully imported.
            Event: Pad A1 on [-3,5,2] was successfully imported.
            Event: Pad A2 on [-1,2] was successfully imported.
            Event: Pad A3 on [1,2] was successfully imported.
            Event: Pad A4 on [3,5,2] was successfully imported.
            Event: Pad A5 on [4,3,5] was successfully imported.
            Event: Pad A6 on [2,3,5] was successfully imported.
            Event: Pad A7 on [0,3,5] was successfully imported.
            Event: Pad A8 on [-2,3,55] was successfully imported.
            Event: Pad A9 on [-4,3,5] was successfully imported.
            Event: Pad B1 on [-3,5,5,2] was successfully imported.
            Event: Pad B2 on [-1,5,2] was successfully imported.
            Event: Pad B3 on [1,5,2] was successfully imported.
            Event: Pad B4 on [3,5,5,2] was successfully imported.
            Event: Pad B5 on [4,6,7] was successfully imported.
            Event: Pad B6 on [2,6,7] was successfully imported.
            Event: Pad B7 on [0,6,7] was successfully imported.
            Event: Pad B8 on [-2,6,75] was successfully imported.
            Event: Pad B9 on [-4,6,7] was successfully imported.
        EndSection
        Section : Component J1 importing.
            Error: Import is not implemented for: KiCadLib.PCB.PCBLine
            Event: Line with 2 vertices was successfully imported.
            Error: Import is not implemented for: KiCadLib.PCB.PCBLine
            Event: Line with 2 vertices was successfully imported.
            Error: Import is not implemented for: KiCadLib.PCB.PCBLine
            Event: Line with 2 vertices was successfully imported.
            Error: Import is not implemented for: KiCadLib.PCB.PCBLine
            Event: Line with 2 vertices was successfully imported.
            Error: Import is not implemented for: KiCadLib.PCB.PCBLine
            Event: Line with 2 vertices was successfully imported.
            Error: Import is not implemented for: KiCadLib.PCB.PCBLine
            Event: Line with 2 vertices was successfully imported.
            Error: Import is not implemented for: KiCadLib.PCB.PCBLine
            Event: Line with 2 vertices was successfully imported.
            Error: Import is not implemented for: KiCadLib.PCB.PCBLine
            Event: Line with 2 vertices was successfully imported.
            Error: Import is not implemented for: KiCadLib.PCB.PCBLine
            Event: Line with 2 vertices was successfully imported.
            Error: Import is not implemented for: KiCadLib.PCB.PCBLine
            Event: Line with 2 vertices was successfully imported.
            Error: Import is not implemented for: KiCadLib.PCB.PCBLine
            Event: Line with 2 vertices was successfully imported.
            Error: Import is not implemented for: KiCadLib.PCB.PCBLine
            Event: Line with 2 vertices was successfully imported.
            Error: Import is not implemented for: KiCadLib.PCB.PCBLine
            Event: Line with 2 vertices was successfully imported.
            Error: Import is not implemented for: KiCadLib.PCB.PCBLine
            Event: Line with 2 vertices was successfully imported.
            Event: Text 'user PCB Edge' was successfully imported.
            Event: Text 'user ${REFERENCE}' was successfully imported.
            Event: Pad Un1 on [-2,89,1,45] was successfully imported.
            Event: Pad Un2 on [2,89,1,45] was successfully imported.
            Event: Pad A1 on [-3,2,2,51] was successfully imported.
            Event: Pad A4 on [-2,4,2,51] was successfully imported.
            Event: Pad A5 on [-1,25,2,51] was successfully imported.
            Event: Pad A6 on [-0,25,2,51] was successfully imported.
            Event: Pad A7 on [0,25,2,51] was successfully imported.
            Event: Pad A8 on [1,25,2,51] was successfully imported.
            Event: Pad A9 on [2,4,2,51] was successfully imported.
            Event: Pad A12 on [3,2,2,51] was successfully imported.
            Event: Pad B1 on [3,2,2,51] was successfully imported.
            Event: Pad B4 on [2,4,2,51] was successfully imported.
            Event: Pad B5 on [1,75,2,51] was successfully imported.
            Event: Pad B6 on [0,75,2,51] was successfully imported.
            Event: Pad B7 on [-0,75,2,51] was successfully imported.
            Event: Pad B8 on [-1,75,2,51] was successfully imported.
            Event: Pad B9 on [-2,4,2,51] was successfully imported.
            Event: Pad B12 on [-3,2,2,51] was successfully imported.
            Event: Pad S1 on [-4,32,1,93] was successfully imported.
            Event: Pad S1 on [-4,32,-2,24] was successfully imported.
            Event: Pad S1 on [4,32,1,93] was successfully imported.
            Event: Pad S1 on [4,32,-2,24] was successfully imported.
        EndSection
        Section : Component J22 importing.
            Error: Import is not implemented for: KiCadLib.PCB.PCBLine
            Event: Line with 2 vertices was successfully imported.
            Error: Import is not implemented for: KiCadLib.PCB.PCBLine
            Event: Line with 2 vertices was successfully imported.
            Error: Import is not implemented for: KiCadLib.PCB.PCBLine
            Event: Line with 2 vertices was successfully imported.
            Error: Import is not implemented for: KiCadLib.PCB.PCBLine
            Event: Line with 2 vertices was successfully imported.
            Error: Import is not implemented for: KiCadLib.PCB.PCBLine
            Event: Line with 2 vertices was successfully imported.
            Error: Import is not implemented for: KiCadLib.PCB.PCBLine
            Event: Line with 2 vertices was successfully imported.
            Error: Import is not implemented for: KiCadLib.PCB.PCBLine
            Event: Line with 2 vertices was successfully imported.
            Event: Rect was successfully imported.
            Error: Import is not implemented for: KiCadLib.PCB.PCBLine
            Event: Line with 2 vertices was successfully imported.
            Error: Import is not implemented for: KiCadLib.PCB.PCBLine
            Event: Line with 2 vertices was successfully imported.
            Error: Import is not implemented for: KiCadLib.PCB.PCBLine
            Event: Line with 2 vertices was successfully imported.
            Error: Import is not implemented for: KiCadLib.PCB.PCBLine
            Event: Line with 2 vertices was successfully imported.
            Error: Import is not implemented for: KiCadLib.PCB.PCBLine
            Event: Line with 2 vertices was successfully imported.
            Error: Import is not implemented for: KiCadLib.PCB.PCBLine
            Event: Line with 2 vertices was successfully imported.
            Error: Import is not implemented for: KiCadLib.PCB.PCBLine
            Event: Line with 2 vertices was successfully imported.
            Error: Import is not implemented for: KiCadLib.PCB.PCBLine
            Event: Line with 2 vertices was successfully imported.
            Error: Import is not implemented for: KiCadLib.PCB.PCBLine
            Event: Line with 2 vertices was successfully imported.
            Error: Import is not implemented for: KiCadLib.PCB.PCBLine
            Event: Line with 2 vertices was successfully imported.
            Error: Import is not implemented for: KiCadLib.PCB.PCBLine
            Event: Line with 2 vertices was successfully imported.
            Event: Rect was successfully imported.
            Event: Pad 1 on [4,5,0,73] was successfully imported.
            Event: Pad 2 on [4,0,73] was successfully imported.
            Event: Pad 3 on [3,5,0,73] was successfully imported.
            Event: Pad 4 on [3,0,73] was successfully imported.
            Event: Pad 5 on [2,5,0,73] was successfully imported.
            Event: Pad 6 on [2,0,73] was successfully imported.
            Event: Pad 7 on [1,5,0,73] was successfully imported.
            Event: Pad 8 on [1,0,73] was successfully imported.
            Event: Pad 9 on [0,5,0,73] was successfully imported.
            Event: Pad 10 on [0,0,73] was successfully imported.
            Event: Pad 11 on [-0,5,0,73] was successfully imported.
            Event: Pad 12 on [-1,0,73] was successfully imported.
            Event: Pad 13 on [-1,5,0,73] was successfully imported.
            Event: Pad 14 on [-2,0,73] was successfully imported.
            Event: Pad 15 on [-2,5,0,73] was successfully imported.
            Event: Pad 16 on [-3,0,73] was successfully imported.
            Event: Pad 17 on [-3,5,0,73] was successfully imported.
            Event: Pad 18 on [-4,0,73] was successfully imported.
            Event: Pad 19 on [-4,5,0,73] was successfully imported.
            Event: Pad SH1 on [7,25,-0] was successfully imported.
            Event: Pad SH2 on [-7,25,-0] was successfully imported.
            Event: Pad SH3 on [-7,25,-5,96] was successfully imported.
            Event: Pad SH4 on [7,25,-5,96] was successfully imported.
        EndSection
        Section : Component U45 importing.
            Error: Import is not implemented for: KiCadLib.PCB.PCBLine
            Event: Line with 2 vertices was successfully imported.
            Error: Import is not implemented for: KiCadLib.PCB.PCBLine
            Event: Line with 2 vertices was successfully imported.
            Error: Import is not implemented for: KiCadLib.PCB.PCBLine
            Event: Line with 2 vertices was successfully imported.
            Error: Import is not implemented for: KiCadLib.PCB.PCBLine
            Event: Line with 2 vertices was successfully imported.
            Event: Rect was successfully imported.
            Error: Import is not implemented for: KiCadLib.PCB.PCBLine
            Event: Line with 2 vertices was successfully imported.
            Error: Import is not implemented for: KiCadLib.PCB.PCBLine
            Event: Line with 2 vertices was successfully imported.
            Error: Import is not implemented for: KiCadLib.PCB.PCBLine
            Event: Line with 2 vertices was successfully imported.
            Error: Import is not implemented for: KiCadLib.PCB.PCBLine
            Event: Line with 2 vertices was successfully imported.
            Error: Import is not implemented for: KiCadLib.PCB.PCBLine
            Event: Line with 2 vertices was successfully imported.
            Error: Import is not implemented for: KiCadLib.PCB.PCBLine
            Event: Line with 2 vertices was successfully imported.
            Error: Import is not implemented for: KiCadLib.PCB.PCBLine
            Event: Line with 2 vertices was successfully imported.
            Error: Import is not implemented for: KiCadLib.PCB.PCBLine
            Event: Line with 2 vertices was successfully imported.
            Event: Rect was successfully imported.
            Event: Pad 1 on [-6,35,8,89] was successfully imported.
            Event: Pad 2 on [-6,35,6,35] was successfully imported.
            Event: Pad 3 on [-6,35,3,81] was successfully imported.
            Event: Pad 4 on [-6,35,1,27] was successfully imported.
            Event: Pad 5 on [-6,35,-1,27] was successfully imported.
            Event: Pad 6 on [-6,35,-3,81] was successfully imported.
            Event: Pad 7 on [-6,35,-6,35] was successfully imported.
            Event: Pad 8 on [-6,35,-8,89] was successfully imported.
            Event: Pad 9 on [6,35,8,89] was successfully imported.
            Event: Pad 10 on [6,35,6,35] was successfully imported.
            Event: Pad 11 on [6,35,3,81] was successfully imported.
            Event: Pad 12 on [6,35,1,27] was successfully imported.
            Event: Pad 13 on [6,35,-1,27] was successfully imported.
            Event: Pad 14 on [6,35,-3,81] was successfully imported.
            Event: Pad 15 on [6,35,-6,35] was successfully imported.
            Event: Pad 16 on [6,35,-8,89] was successfully imported.
            Event: Pad 17 on [1,27,-8,89] was successfully imported.
            Event: Pad 18 on [3,81,-8,89] was successfully imported.
        EndSection
        Section : Component J15 importing.
            Error: Import is not implemented for: KiCadLib.PCB.PCBLine
            Event: Line with 2 vertices was successfully imported.
            Error: Import is not implemented for: KiCadLib.PCB.PCBLine
            Event: Line with 2 vertices was successfully imported.
            Error: Import is not implemented for: KiCadLib.PCB.PCBLine
            Event: Line with 2 vertices was successfully imported.
            Error: Import is not implemented for: KiCadLib.PCB.PCBLine
            Event: Line with 2 vertices was successfully imported.
            Error: Import is not implemented for: KiCadLib.PCB.PCBLine
            Event: Line with 2 vertices was successfully imported.
            Error: Import is not implemented for: KiCadLib.PCB.PCBLine
            Event: Line with 2 vertices was successfully imported.
            Error: Import is not implemented for: KiCadLib.PCB.PCBLine
            Event: Line with 2 vertices was successfully imported.
            Error: Import is not implemented for: KiCadLib.PCB.PCBLine
            Event: Line with 2 vertices was successfully imported.
            Error: Import is not implemented for: KiCadLib.PCB.PCBLine
            Event: Line with 2 vertices was successfully imported.
            Error: Import is not implemented for: KiCadLib.PCB.PCBLine
            Event: Line with 2 vertices was successfully imported.
            Error: Import is not implemented for: KiCadLib.PCB.PCBLine
            Event: Line with 2 vertices was successfully imported.
            Error: Import is not implemented for: KiCadLib.PCB.PCBLine
            Event: Line with 2 vertices was successfully imported.
            Error: Import is not implemented for: KiCadLib.PCB.PCBLine
            Event: Line with 2 vertices was successfully imported.
            Error: Import is not implemented for: KiCadLib.PCB.PCBLine
            Event: Line with 2 vertices was successfully imported.
            Event: Text 'user PCB Edge' was successfully imported.
            Event: Text 'user ${REFERENCE}' was successfully imported.
            Event: Pad Un1 on [-2,89,1,45] was successfully imported.
            Event: Pad Un2 on [2,89,1,45] was successfully imported.
            Event: Pad A1 on [-3,2,2,51] was successfully imported.
            Event: Pad A4 on [-2,4,2,51] was successfully imported.
            Event: Pad A5 on [-1,25,2,51] was successfully imported.
            Event: Pad A6 on [-0,25,2,51] was successfully imported.
            Event: Pad A7 on [0,25,2,51] was successfully imported.
            Event: Pad A8 on [1,25,2,51] was successfully imported.
            Event: Pad A9 on [2,4,2,51] was successfully imported.
            Event: Pad A12 on [3,2,2,51] was successfully imported.
            Event: Pad B1 on [3,2,2,51] was successfully imported.
            Event: Pad B4 on [2,4,2,51] was successfully imported.
            Event: Pad B5 on [1,75,2,51] was successfully imported.
            Event: Pad B6 on [0,75,2,51] was successfully imported.
            Event: Pad B7 on [-0,75,2,51] was successfully imported.
            Event: Pad B8 on [-1,75,2,51] was successfully imported.
            Event: Pad B9 on [-2,4,2,51] was successfully imported.
            Event: Pad B12 on [-3,2,2,51] was successfully imported.
            Event: Pad S1 on [-4,32,1,93] was successfully imported.
            Event: Pad S1 on [-4,32,-2,24] was successfully imported.
            Event: Pad S1 on [4,32,1,93] was successfully imported.
            Event: Pad S1 on [4,32,-2,24] was successfully imported.
        EndSection
        Section : Component M6 importing.
            Error: Import is not implemented for: KiCadLib.PCB.PCBLine
            Event: Line with 2 vertices was successfully imported.
            Error: Import is not implemented for: KiCadLib.PCB.PCBLine
            Event: Line with 2 vertices was successfully imported.
            Error: Import is not implemented for: KiCadLib.PCB.PCBLine
            Event: Line with 2 vertices was successfully imported.
            Error: Import is not implemented for: KiCadLib.PCB.PCBLine
            Event: Line with 2 vertices was successfully imported.
            Error: Import is not implemented for: KiCadLib.PCB.PCBLine
            Event: Line with 2 vertices was successfully imported.
            Error: Import is not implemented for: KiCadLib.PCB.PCBLine
            Event: Line with 2 vertices was successfully imported.
            Error: Import is not implemented for: KiCadLib.PCB.PCBLine
            Event: Line with 2 vertices was successfully imported.
            Error: Import is not implemented for: KiCadLib.PCB.PCBLine
            Event: Line with 2 vertices was successfully imported.
            Error: Import is not implemented for: KiCadLib.PCB.PCBLine
            Event: Line with 2 vertices was successfully imported.
            Error: Import is not implemented for: KiCadLib.PCB.PCBLine
            Event: Line with 2 vertices was successfully imported.
            Error: Import is not implemented for: KiCadLib.PCB.PCBLine
            Event: Line with 2 vertices was successfully imported.
            Error: Import is not implemented for: KiCadLib.PCB.PCBLine
            Event: Line with 2 vertices was successfully imported.
            Error: Import is not implemented for: KiCadLib.PCB.PCBLine
            Event: Line with 2 vertices was successfully imported.
            Error: Import is not implemented for: KiCadLib.PCB.PCBLine
            Event: Line with 2 vertices was successfully imported.
            Error: Import is not implemented for: KiCadLib.PCB.PCBLine
            Event: Line with 2 vertices was successfully imported.
            Error: Import is not implemented for: KiCadLib.PCB.PCBLine
            Event: Line with 2 vertices was successfully imported.
            Error: Import is not implemented for: KiCadLib.PCB.PCBLine
            Event: Line with 2 vertices was successfully imported.
            Error: Import is not implemented for: KiCadLib.PCB.PCBLine
            Event: Line with 2 vertices was successfully imported.
            Error: Import is not implemented for: KiCadLib.PCB.PCBLine
            Event: Line with 2 vertices was successfully imported.
            Error: Import is not implemented for: KiCadLib.PCB.PCBLine
            Event: Line with 2 vertices was successfully imported.
            Error: Import is not implemented for: KiCadLib.PCB.PCBLine
            Event: Line with 2 vertices was successfully imported.
            Error: Import is not implemented for: KiCadLib.PCB.PCBLine
            Event: Line with 2 vertices was successfully imported.
            Error: Import is not implemented for: KiCadLib.PCB.PCBLine
            Event: Line with 2 vertices was successfully imported.
            Error: Import is not implemented for: KiCadLib.PCB.PCBLine
            Event: Line with 2 vertices was successfully imported.
            Error: Import is not implemented for: KiCadLib.PCB.PCBLine
            Event: Line with 2 vertices was successfully imported.
            Event: Text 'user ${REFERENCE}' was successfully imported.
            Event: Pad 1 on [0,-0] was successfully imported.
            Event: Pad 2 on [2,5,-0] was successfully imported.
            Event: Pad 3 on [5,-0] was successfully imported.
            Event: Pad 4 on [7,5,-0] was successfully imported.
            Event: Pad 5 on [10,-0] was successfully imported.
            Event: Pad 6 on [12,5,-0] was successfully imported.
        EndSection
        Section : Component U22 importing.
            Error: Import is not implemented for: KiCadLib.PCB.PCBLine
            Event: Line with 2 vertices was successfully imported.
            Error: Import is not implemented for: KiCadLib.PCB.PCBLine
            Event: Line with 2 vertices was successfully imported.
            Error: Import is not implemented for: KiCadLib.PCB.PCBLine
            Event: Line with 2 vertices was successfully imported.
            Error: Import is not implemented for: KiCadLib.PCB.PCBLine
            Event: Line with 2 vertices was successfully imported.
            Event: Graphical polygone with 4 vertices was successfully imported.
            Error: Import is not implemented for: KiCadLib.PCB.PCBLine
            Event: Line with 2 vertices was successfully imported.
            Error: Import is not implemented for: KiCadLib.PCB.PCBLine
            Event: Line with 2 vertices was successfully imported.
            Error: Import is not implemented for: KiCadLib.PCB.PCBLine
            Event: Line with 2 vertices was successfully imported.
            Error: Import is not implemented for: KiCadLib.PCB.PCBLine
            Event: Line with 2 vertices was successfully imported.
            Error: Import is not implemented for: KiCadLib.PCB.PCBLine
            Event: Line with 2 vertices was successfully imported.
            Error: Import is not implemented for: KiCadLib.PCB.PCBLine
            Event: Line with 2 vertices was successfully imported.
            Error: Import is not implemented for: KiCadLib.PCB.PCBLine
            Event: Line with 2 vertices was successfully imported.
            Error: Import is not implemented for: KiCadLib.PCB.PCBLine
            Event: Line with 2 vertices was successfully imported.
            Error: Import is not implemented for: KiCadLib.PCB.PCBLine
            Event: Line with 2 vertices was successfully imported.
            Event: Text 'user ${REFERENCE}' was successfully imported.
            Event: Pad 1 on [-2,1125,1] was successfully imported.
            Event: Pad 2 on [-2,1125,0,5] was successfully imported.
            Event: Pad 3 on [-2,1125,-0] was successfully imported.
            Event: Pad 4 on [-2,1125,-0,5] was successfully imported.
            Event: Pad 5 on [-2,1125,-1] was successfully imported.
            Event: Pad 6 on [2,1125,-1] was successfully imported.
            Event: Pad 7 on [2,1125,-0,5] was successfully imported.
            Event: Pad 8 on [2,1125,-0] was successfully imported.
            Event: Pad 9 on [2,1125,0,5] was successfully imported.
            Event: Pad 10 on [2,1125,1] was successfully imported.
        EndSection
        Section : Component J5 importing.
            Error: Import is not implemented for: KiCadLib.PCB.PCBLine
            Event: Line with 2 vertices was successfully imported.
            Error: Import is not implemented for: KiCadLib.PCB.PCBLine
            Event: Line with 2 vertices was successfully imported.
            Error: Import is not implemented for: KiCadLib.PCB.PCBLine
            Event: Line with 2 vertices was successfully imported.
            Error: Import is not implemented for: KiCadLib.PCB.PCBLine
            Event: Line with 2 vertices was successfully imported.
            Error: Import is not implemented for: KiCadLib.PCB.PCBLine
            Event: Line with 2 vertices was successfully imported.
            Error: Import is not implemented for: KiCadLib.PCB.PCBLine
            Event: Line with 2 vertices was successfully imported.
            Error: Import is not implemented for: KiCadLib.PCB.PCBLine
            Event: Line with 2 vertices was successfully imported.
            Error: Import is not implemented for: KiCadLib.PCB.PCBLine
            Event: Line with 2 vertices was successfully imported.
            Event: Rect was successfully imported.
            Error: Import is not implemented for: KiCadLib.PCB.PCBLine
            Event: Line with 2 vertices was successfully imported.
            Error: Import is not implemented for: KiCadLib.PCB.PCBLine
            Event: Line with 2 vertices was successfully imported.
            Error: Import is not implemented for: KiCadLib.PCB.PCBLine
            Event: Line with 2 vertices was successfully imported.
            Error: Import is not implemented for: KiCadLib.PCB.PCBLine
            Event: Line with 2 vertices was successfully imported.
            Error: Import is not implemented for: KiCadLib.PCB.PCBLine
            Event: Line with 2 vertices was successfully imported.
            Error: Import is not implemented for: KiCadLib.PCB.PCBLine
            Event: Line with 2 vertices was successfully imported.
            Error: Import is not implemented for: KiCadLib.PCB.PCBLine
            Event: Line with 2 vertices was successfully imported.
            Error: Import is not implemented for: KiCadLib.PCB.PCBLine
            Event: Line with 2 vertices was successfully imported.
            Error: Import is not implemented for: KiCadLib.PCB.PCBLine
            Event: Line with 2 vertices was successfully imported.
            Error: Import is not implemented for: KiCadLib.PCB.PCBLine
            Event: Line with 2 vertices was successfully imported.
            Error: Import is not implemented for: KiCadLib.PCB.PCBLine
            Event: Line with 2 vertices was successfully imported.
            Error: Import is not implemented for: KiCadLib.PCB.PCBLine
            Event: Line with 2 vertices was successfully imported.
            Error: Import is not implemented for: KiCadLib.PCB.PCBLine
            Event: Line with 2 vertices was successfully imported.
            Error: Import is not implemented for: KiCadLib.PCB.PCBLine
            Event: Line with 2 vertices was successfully imported.
            Error: Import is not implemented for: KiCadLib.PCB.PCBLine
            Event: Line with 2 vertices was successfully imported.
            Error: Import is not implemented for: KiCadLib.PCB.PCBLine
            Event: Line with 2 vertices was successfully imported.
            Error: Import is not implemented for: KiCadLib.PCB.PCBLine
            Event: Line with 2 vertices was successfully imported.
            Error: Import is not implemented for: KiCadLib.PCB.PCBLine
            Event: Line with 2 vertices was successfully imported.
            Error: Import is not implemented for: KiCadLib.PCB.PCBLine
            Event: Line with 2 vertices was successfully imported.
            Error: Import is not implemented for: KiCadLib.PCB.PCBLine
            Event: Line with 2 vertices was successfully imported.
            Event: Text 'user ${REFERENCE}' was successfully imported.
            Event: Pad 1 on [5,25,1,85] was successfully imported.
            Event: Pad 2 on [4,75,1,85] was successfully imported.
            Event: Pad 3 on [4,25,1,85] was successfully imported.
            Event: Pad 4 on [3,75,1,85] was successfully imported.
            Event: Pad 5 on [3,25,1,85] was successfully imported.
            Event: Pad 6 on [2,75,1,85] was successfully imported.
            Event: Pad 7 on [2,25,1,85] was successfully imported.
            Event: Pad 8 on [1,75,1,85] was successfully imported.
            Event: Pad 9 on [1,25,1,85] was successfully imported.
            Event: Pad 10 on [0,75,1,85] was successfully imported.
            Event: Pad 11 on [0,25,1,85] was successfully imported.
            Event: Pad 12 on [-0,25,1,85] was successfully imported.
            Event: Pad 13 on [-0,75,1,85] was successfully imported.
            Event: Pad 14 on [-1,25,1,85] was successfully imported.
            Event: Pad 15 on [-1,75,1,85] was successfully imported.
            Event: Pad 16 on [-2,25,1,85] was successfully imported.
            Event: Pad 17 on [-2,75,1,85] was successfully imported.
            Event: Pad 18 on [-3,25,1,85] was successfully imported.
            Event: Pad 19 on [-3,75,1,85] was successfully imported.
            Event: Pad 20 on [-4,25,1,85] was successfully imported.
            Event: Pad 21 on [-4,75,1,85] was successfully imported.
            Event: Pad 22 on [-5,25,1,85] was successfully imported.
            Event: Pad MP on [-7,15,-1,4] was successfully imported.
            Event: Pad MP on [7,15,-1,4] was successfully imported.
        EndSection
        Section : Component U19 importing.
            Error: Import is not implemented for: KiCadLib.PCB.PCBLine
            Event: Line with 2 vertices was successfully imported.
            Error: Import is not implemented for: KiCadLib.PCB.PCBLine
            Event: Line with 2 vertices was successfully imported.
            Error: Import is not implemented for: KiCadLib.PCB.PCBLine
            Event: Line with 2 vertices was successfully imported.
            Error: Import is not implemented for: KiCadLib.PCB.PCBLine
            Event: Line with 2 vertices was successfully imported.
            Error: Import is not implemented for: KiCadLib.PCB.PCBLine
            Event: Line with 2 vertices was successfully imported.
            Error: Import is not implemented for: KiCadLib.PCB.PCBLine
            Event: Line with 2 vertices was successfully imported.
            Error: Import is not implemented for: KiCadLib.PCB.PCBLine
            Event: Line with 2 vertices was successfully imported.
            Error: Import is not implemented for: KiCadLib.PCB.PCBLine
            Event: Line with 2 vertices was successfully imported.
            Event: Graphical polygone with 4 vertices was successfully imported.
            Error: Import is not implemented for: KiCadLib.PCB.PCBLine
            Event: Line with 2 vertices was successfully imported.
            Error: Import is not implemented for: KiCadLib.PCB.PCBLine
            Event: Line with 2 vertices was successfully imported.
            Error: Import is not implemented for: KiCadLib.PCB.PCBLine
            Event: Line with 2 vertices was successfully imported.
            Error: Import is not implemented for: KiCadLib.PCB.PCBLine
            Event: Line with 2 vertices was successfully imported.
            Error: Import is not implemented for: KiCadLib.PCB.PCBLine
            Event: Line with 2 vertices was successfully imported.
            Error: Import is not implemented for: KiCadLib.PCB.PCBLine
            Event: Line with 2 vertices was successfully imported.
            Error: Import is not implemented for: KiCadLib.PCB.PCBLine
            Event: Line with 2 vertices was successfully imported.
            Error: Import is not implemented for: KiCadLib.PCB.PCBLine
            Event: Line with 2 vertices was successfully imported.
            Error: Import is not implemented for: KiCadLib.PCB.PCBLine
            Event: Line with 2 vertices was successfully imported.
            Event: Text 'user ${REFERENCE}' was successfully imported.
            Event: Pad Un1 on [-1,23,1,23] was successfully imported.
            Event: Pad Un2 on [-1,23,-0] was successfully imported.
            Event: Pad Un3 on [-1,23,-1,23] was successfully imported.
            Event: Pad Un4 on [0,1,23] was successfully imported.
            Event: Pad Un5 on [0,-0] was successfully imported.
            Event: Pad Un6 on [0,-1,23] was successfully imported.
            Event: Pad Un7 on [1,23,1,23] was successfully imported.
            Event: Pad Un8 on [1,23,-0] was successfully imported.
            Event: Pad Un9 on [1,23,-1,23] was successfully imported.
            Event: Pad 1 on [-2,9375,2] was successfully imported.
            Event: Pad 2 on [-2,9375,1,5] was successfully imported.
            Event: Pad 3 on [-2,9375,1] was successfully imported.
            Event: Pad 4 on [-2,9375,0,5] was successfully imported.
            Event: Pad 5 on [-2,9375,-0] was successfully imported.
            Event: Pad 6 on [-2,9375,-0,5] was successfully imported.
            Event: Pad 7 on [-2,9375,-1] was successfully imported.
            Event: Pad 8 on [-2,9375,-1,5] was successfully imported.
            Event: Pad 9 on [-2,9375,-2] was successfully imported.
            Event: Pad 10 on [-2,-2,9375] was successfully imported.
            Event: Pad 11 on [-1,5,-2,9375] was successfully imported.
            Event: Pad 12 on [-1,-2,9375] was successfully imported.
            Event: Pad 13 on [-0,5,-2,9375] was successfully imported.
            Event: Pad 14 on [0,-2,9375] was successfully imported.
            Event: Pad 15 on [0,5,-2,9375] was successfully imported.
            Event: Pad 16 on [1,-2,9375] was successfully imported.
            Event: Pad 17 on [1,5,-2,9375] was successfully imported.
            Event: Pad 18 on [2,-2,9375] was successfully imported.
            Event: Pad 19 on [2,9375,-2] was successfully imported.
            Event: Pad 20 on [2,9375,-1,5] was successfully imported.
            Event: Pad 21 on [2,9375,-1] was successfully imported.
            Event: Pad 22 on [2,9375,-0,5] was successfully imported.
            Event: Pad 23 on [2,9375,-0] was successfully imported.
            Event: Pad 24 on [2,9375,0,5] was successfully imported.
            Event: Pad 25 on [2,9375,1] was successfully imported.
            Event: Pad 26 on [2,9375,1,5] was successfully imported.
            Event: Pad 27 on [2,9375,2] was successfully imported.
            Event: Pad 28 on [2,2,9375] was successfully imported.
            Event: Pad 29 on [1,5,2,9375] was successfully imported.
            Event: Pad 30 on [1,2,9375] was successfully imported.
            Event: Pad 31 on [0,5,2,9375] was successfully imported.
            Event: Pad 32 on [0,2,9375] was successfully imported.
            Event: Pad 33 on [-0,5,2,9375] was successfully imported.
            Event: Pad 34 on [-1,2,9375] was successfully imported.
            Event: Pad 35 on [-1,5,2,9375] was successfully imported.
            Event: Pad 36 on [-2,2,9375] was successfully imported.
            Event: Pad 37 on [0,-0] was successfully imported.
        EndSection
    EndSection
